time,Region1Beijing_Hydropower_storage,Region2Tianjin_Hydropower_storage,Region3Hebei_Hydropower_storage,Region4Shanxi_Hydropower_storage,Region5Innermongolia_Hydropower_storage,Region6Liaoning_Hydropower_storage,Region7Jilin_Hydropower_storage,Region8Heilongjiang_Hydropower_storage,Region9Shanghai_Hydropower_storage,Region10Jiangsu_Hydropower_storage,Region11Zhejiang_Hydropower_storage,Region12Anhui_Hydropower_storage,Region13Fujian_Hydropower_storage,Region14Jiangxi_Hydropower_storage,Region15Shandong_Hydropower_storage,Region16Henan_Hydropower_storage,Region17Hubei_Hydropower_storage,Region18Hunan_Hydropower_storage,Region19Guangdong_Hydropower_storage,Region20Guangxi_Hydropower_storage,Region21Hainan_Hydropower_storage,Region22Chongqing_Hydropower_storage,Region23Sichuan_Hydropower_storage,Region24Guizhou_Hydropower_storage,Region25Yunnan_Hydropower_storage,Region26Tibet_Hydropower_storage,Region27Shaanxi_Hydropower_storage,Region28Gansu_Hydropower_storage,Region29Qinghai_Hydropower_storage,Region30Ningxia_Hydropower_storage,Region31Xinjiang_Hydropower_storage,Region1Beijing_battery_storage,Region2Tianjin_battery_storage,Region3Hebei_battery_storage,Region4Shanxi_battery_storage,Region5Innermongolia_battery_storage,Region6Liaoning_battery_storage,Region7Jilin_battery_storage,Region8Heilongjiang_battery_storage,Region9Shanghai_battery_storage,Region10Jiangsu_battery_storage,Region11Zhejiang_battery_storage,Region12Anhui_battery_storage,Region13Fujian_battery_storage,Region14Jiangxi_battery_storage,Region15Shandong_battery_storage,Region16Henan_battery_storage,Region17Hubei_battery_storage,Region18Hunan_battery_storage,Region19Guangdong_battery_storage,Region20Guangxi_battery_storage,Region21Hainan_battery_storage,Region22Chongqing_battery_storage,Region23Sichuan_battery_storage,Region24Guizhou_battery_storage,Region25Yunnan_battery_storage,Region26Tibet_battery_storage,Region27Shaanxi_battery_storage,Region28Gansu_battery_storage,Region29Qinghai_battery_storage,Region30Ningxia_battery_storage,Region31Xinjiang_battery_storage,Region1Beijing_pumpedhydro_storage,Region2Tianjin_pumpedhydro_storage,Region3Hebei_pumpedhydro_storage,Region4Shanxi_pumpedhydro_storage,Region5Innermongolia_pumpedhydro_storage,Region6Liaoning_pumpedhydro_storage,Region7Jilin_pumpedhydro_storage,Region8Heilongjiang_pumpedhydro_storage,Region9Shanghai_pumpedhydro_storage,Region10Jiangsu_pumpedhydro_storage,Region11Zhejiang_pumpedhydro_storage,Region12Anhui_pumpedhydro_storage,Region13Fujian_pumpedhydro_storage,Region14Jiangxi_pumpedhydro_storage,Region15Shandong_pumpedhydro_storage,Region16Henan_pumpedhydro_storage,Region17Hubei_pumpedhydro_storage,Region18Hunan_pumpedhydro_storage,Region19Guangdong_pumpedhydro_storage,Region20Guangxi_pumpedhydro_storage,Region21Hainan_pumpedhydro_storage,Region22Chongqing_pumpedhydro_storage,Region23Sichuan_pumpedhydro_storage,Region24Guizhou_pumpedhydro_storage,Region25Yunnan_pumpedhydro_storage,Region26Tibet_pumpedhydro_storage,Region27Shaanxi_pumpedhydro_storage,Region28Gansu_pumpedhydro_storage,Region29Qinghai_pumpedhydro_storage,Region30Ningxia_pumpedhydro_storage,Region31Xinjiang_pumpedhydro_storage
1,1.1302286744761813e8,0.0,1.1301595412666818e8,1.1302103651329373e8,1.130208499523003e8,1.1301941805328904e8,1.130151248509111e8,1.1302164359517014e8,1.1301582099265222e8,1.1302013231369242e8,1.1301688442475463e8,1.1301761526421262e8,1.1300897761347204e8,1.130203876436129e8,1.1302009047338703e8,1.1301541875218542e8,1.1298344574623653e8,1.1300862501732655e8,1.1300393133434382e8,1.1299870680794062e8,1.130196809437283e8,1.1301837995514095e8,1.1296770398502177e8,1.1299461225205411e8,1.1296219743790767e8,1.1302719610204226e8,1.1301812709956029e8,1.1301428235668737e8,1.1300133292599656e8,1.1302342216696577e8,1.1301097359725958e8,3.04364226584176,4.094118577089294,2.2839853278881748,2.5343711244742892,2.4666745708884563,3.006581458145908,2.931109308182552,2.7427676784462083,2.2143278865507985,2.2564042287733863,2.5871800471647575,2.2016675893309277,2.474650137477645,0.8325019723836801,2.348397230990197,0.8356901774199036,0.8517391170794109,2.1678255880182076,2.1568003889902942,2.4195696875179378,0.8289956449148749,0.84436952505017,2.6489453525920195,0.8229218467293986,0.857516183265719,2.9821602677180388,2.5456193348411196,2.270892653794476,2.574154741625043,2.207363452796212,2.4077634641276933,1931.8806231898034,0.0,10498.839762893915,2447.1570503576095,2572.145329794171,6460.023396860109,3775.1954487996973,2847.5006809015445,2348.3450433359717,7361.510512953327,16878.63367115431,8348.42078657017,7393.6584238725545,2658.032006285221,8576.220095336661,4779.71493165964,3105.650564229235,3184.48551702373,23246.989456627,0.0,964.446520064706,3237.822992833395,0.0,0.0,0.0,321.62759470025566,3113.1680953315863,0.0,0.0,0.0,3199.4511175375974
2,1.1302326716197011e8,0.0,1.1301845855388553e8,1.130215746504768e8,1.130217300716482e8,1.1302121377924626e8,1.1301775278861989e8,1.1302222485723661e8,1.1301867311626919e8,1.1302160412548906e8,1.1302144007433291e8,1.130198950383183e8,1.1301299018567914e8,1.1302188357260849e8,1.1302188861571679e8,1.1301774295008425e8,1.1299850122707818e8,1.1301342122061585e8,1.130096357670419e8,1.1300560089817742e8,1.1302012972077985e8,1.1302100149071336e8,1.1300205832563496e8,1.1300213827484277e8,1.1299762890574387e8,1.1302802246309307e8,1.1301986446204355e8,1.1301676059001334e8,1.1300824110499154e8,1.1302361100031897e8,1.1301437183831121e8,2.795062875371246,3.7265791936195374,2.1122370007854876,2.37733361604698,2.2844006871190854,2.696321601709488,2.702327357764276,2.554375704801218,1.9871381895514937,2.0806807775774683,2.35327224328725,2.013760351646138,2.2663270262568687,0.8296978194389697,2.1753031932209614,0.8243227911026678,0.838343627653589,1.9302020643505287,1.9863129610727916,2.1764212991227017,0.8263016761757337,0.8279063482805021,2.422363814140161,0.8094288251417489,0.842180994996519,2.8748560459444796,2.3739817199386413,2.082766353419102,2.3753804466512363,2.009707873489049,2.1910851722601055,2706.4572217882765,0.0,14771.39249278132,3489.4193950711942,3616.185062932268,9084.735886029017,5236.353223546605,3884.627834735263,3381.333789896612,10228.339000590075,23610.480753498916,12448.327412706956,10715.847946602084,3710.8340693316336,12086.390708392468,7185.823116877637,3311.3269417787355,3189.3247729459863,25901.849660002816,0.0,1451.9259804924407,3240.753304442333,0.0,0.0,0.0,309.0883546562881,4134.196523771108,0.0,0.0,0.0,3207.568143802291
3,1.1302366804328698e8,0.0,1.1302096439637788e8,1.1302211409861839e8,1.1302261149141733e8,1.1302301090717508e8,1.1302038237532026e8,1.1302280749747509e8,1.1302152681136556e8,1.1302307728854044e8,1.130259974229036e8,1.1302217632501589e8,1.1301700438890584e8,1.1302338010007142e8,1.1302368799921969e8,1.1302006878498676e8,1.1301355911246757e8,1.1301822106256852e8,1.13015341974296e8,1.1301249859855253e8,1.130205800664578e8,1.130236261114743e8,1.1303714202039942e8,1.13009668181859e8,1.1303306951588075e8,1.1302895267385139e8,1.1302160352370311e8,1.1301924120338894e8,1.1301515225435296e8,1.1302380173514259e8,1.1301777266284768e8,3.3923829063842144,4.4611573886165905,2.510826407465667,2.7993680067949005,2.690406939132538,3.3195802186127668,3.229785983864201,2.9929754509274447,2.376094148505297,2.4682219067545734,2.8364855856182576,2.3946175848115248,2.7000105110713077,0.8456823925303527,2.5866003010417784,0.8465378506778634,0.858998883875012,2.3251939720304584,2.4008171816012305,2.642382384608251,0.8588127480162192,0.8469756904479259,2.8475239792325384,0.8308901119720876,0.8602321122388948,2.957735056613687,2.821934408291382,2.467148866480921,2.8271630607887333,2.4003669864933204,2.612338299257918,3490.326936962851,0.0,19055.637809475847,4544.26290240547,4671.02243318129,11723.482397473805,6731.136041393882,4939.460628185625,4436.228824422298,13109.104433596513,30367.440390152922,16565.360016703125,14058.579128552316,4765.6728908542855,15605.092440038621,9622.142557619649,4366.148537797568,4244.1570105882365,35474.69372741182,0.0,1978.8521961375602,4295.588351907506,0.0,0.0,0.0,402.0965634712613,5365.005207625505,0.0,0.0,0.0,4262.388995143799
4,1.1302406891986634e8,0.0,1.1302347022092094e8,1.130226535420099e8,1.1302349290235478e8,1.1302480801959169e8,1.1302301194323342e8,1.1302339012998007e8,1.1302438048641019e8,1.1302455043813014e8,1.130305547508958e8,1.1302445759289287e8,1.1302101856866415e8,1.1302487661285737e8,1.1302548736701237e8,1.1302239460214457e8,1.1302861698045449e8,1.1302302087848319e8,1.130210481677639e8,1.1301939630063722e8,1.1302103041364512e8,1.1302625070865226e8,1.1307222588770351e8,1.1301719809528723e8,1.1306851012188198e8,1.1302988354660219e8,1.1302334257010673e8,1.1302172179666775e8,1.130220633910453e8,1.1302399246808995e8,1.1302117346547772e8,3.9877572989650787,5.139292041539081,2.8217080081128936,3.1627323255808637,3.010580858147289,3.862402148526403,3.6607145700152963,3.3616331497282195,2.6577920038274674,2.7918366032404776,3.2237181388369684,2.694078589947493,3.0440306605932097,0.8546122791958805,2.921513447502235,0.8605939923290263,0.8689033330429322,2.6361107586201533,2.7350863478671776,3.0066201805147377,0.8869337842090597,0.8619667970405703,3.3742151923579464,0.8475853995412035,0.8693396583011329,3.2420994328702735,3.1890815596225064,2.7797240656492948,3.202659187773965,2.7067714517517807,2.9422197288372804,4274.191749820624,0.0,23339.850127176524,5599.093616160871,5725.850509418673,14362.207328854773,8225.897515750052,5994.283970265941,5491.1168977241705,15989.846743863354,37124.35173964943,20682.359549812576,17401.279784188984,5820.501734293713,19123.764305464065,12058.44208246754,5420.965619937678,5298.98057827424,45047.51950966245,0.0,2505.801335038328,5350.413280367095,0.0,0.0,0.0,499.2722874880857,6595.803519613069,0.0,0.0,0.0,5317.199054546628
5,1.1302446979670542e8,0.0,1.1302597605016516e8,1.1302319298441248e8,1.1302437431503415e8,1.1302660513504706e8,1.1302564151331434e8,1.1302397276062436e8,1.1302723417042907e8,1.130260235932493e8,1.1303511208860984e8,1.1302673887169573e8,1.1302503275998732e8,1.1302637312742697e8,1.1302728674171449e8,1.1302472042519239e8,1.1304367485477681e8,1.1302782070772544e8,1.1302675436879387e8,1.1302629402031931e8,1.1302148076363005e8,1.1302887498392832e8,1.1310730885841693e8,1.1302472803371544e8,1.1310395071794663e8,1.1303081352978209e8,1.1302508162210736e8,1.1302420239774954e8,1.1302897454552701e8,1.1302418319960687e8,1.1302457427921766e8,4.642517839723851,5.957513208295575,3.2188962503479077,3.6029598472524746,3.431146283579607,4.540173971176099,4.196811225477759,3.8260975520271323,3.0437216352317646,3.1965297711073792,3.7179891817741755,3.0737384490492206,3.4722256700876883,0.8697702069109821,3.3466724304870743,0.8815058734045071,0.8839146705988925,3.024184962879307,3.1614992524990004,3.4696217235670757,0.9146137407790873,0.8647578132783433,3.4258932229030927,0.8699616745603188,0.8864605394434011,3.278679323334489,3.6503213433172395,3.1669231318091033,3.6453867537765476,3.0970366125003252,3.3589933509576544,5058.0524565142,0.0,27624.075855208026,6653.921025048969,6780.675564709439,17000.928174570374,9720.654728026318,7049.102795811767,6546.002988942504,18870.594410923804,43881.28627882207,24799.371113675606,20743.987391876864,6875.322923144457,22642.44702012906,14494.74286510517,6475.779868980122,6353.799756755687,54620.36651888875,0.0,3032.745400256132,6404.484181875769,0.0,0.0,0.0,591.8069868371532,7826.5979258580555,0.0,0.0,0.0,6372.00697756521
6,1.130248692403906e8,0.0,1.1302848021237063e8,1.1302373084697647e8,1.1302525414681794e8,1.1302840054145952e8,1.1302826927409527e8,1.130245537723981e8,1.1303008661884867e8,1.1302749560888709e8,1.1303966813191682e8,1.130290188008895e8,1.1302904568456401e8,1.130278684173171e8,1.1302908454499145e8,1.1302704454519716e8,1.1305873032568595e8,1.1303261721422884e8,1.1303245880445951e8,1.1303318839564522e8,1.1302192953218733e8,1.1303148760630304e8,1.1313950328512785e8,1.1303225427708459e8,1.1313938301517381e8,1.1303162094560559e8,1.1302681873193218e8,1.1302668078435607e8,1.1303588314393674e8,1.130243720814239e8,1.1302797292847468e8,4.419986276150201,5.70447313800417,3.069041171990021,3.482126468461592,3.274090081190948,4.310834176615554,4.000236809617338,3.6776517599662655,2.893515853995128,3.100472506723047,3.5909836601487157,2.934286417633249,3.343959445285348,0.8650390118873436,3.1972197509421934,0.8785914992654406,0.877875134323248,2.811796123852198,3.0158776297610537,3.2344372763429186,0.9094013790990685,0.8537000609841716,3.309248442773577,0.8596608557172657,0.8738981300121845,3.210526838247948,3.523531697046092,3.0108956882680626,3.4916349157273494,2.9362910287168087,3.1903958421340155,5773.676862020996,0.0,31087.936314953313,6828.258430762405,7490.106053486,17044.281595893273,9791.321489954273,7126.467818385252,7593.832833328551,21744.433544182015,50630.137535163056,28906.450902111697,24079.225863127944,7923.090495427732,26071.00005082569,15914.906876692912,6492.943049888373,6356.24052000819,61798.218022199806,0.0,3517.866933590308,6395.351746096896,0.0,0.0,0.0,578.7106452418533,7836.727868382403,0.0,0.0,0.0,6380.412479603905
7,1.1302526324460705e8,0.0,1.1303097790083358e8,1.1302426227553383e8,1.1302612661977862e8,1.1303018613454552e8,1.1303087970294194e8,1.130251200331848e8,1.1303293732866621e8,1.1302896584631151e8,1.1304422233658244e8,1.1303129635180849e8,1.1303305681672034e8,1.1302935391124085e8,1.1303087608791168e8,1.1302935953489113e8,1.1307376035133247e8,1.130373573856178e8,1.1303816184648815e8,1.1304007714921758e8,1.1302237693085583e8,1.1303408527528115e8,1.1315923331010383e8,1.1303975931030466e8,1.1317022257445736e8,1.1303164981016663e8,1.1302854060943426e8,1.1302910934927736e8,1.1304273308417065e8,1.1302453919205478e8,1.1303134885950448e8,4.158437621902474,5.393638734410994,2.9008901040844424,3.2977127656511924,3.0876196459333274,4.047268739182336,3.7415947350514873,3.4802017098579694,2.781956235507298,2.9711877208768422,3.4739416419510074,2.7964637013057345,3.2461150970407617,0.8550562551663522,3.010359308430698,0.871607771922061,0.8690156467386169,2.6386910307630522,2.9451170214474067,3.0669285371190584,0.9087213878331967,0.8476581906119893,3.18254321033606,0.8501060506253624,0.8662854848274998,3.145455993097659,3.3272442432685,2.83608273173968,3.2822167352288343,2.7569169382222616,3.0045677581696846,5768.596434398292,0.0,31081.611332002347,6822.643465243635,7483.295407426635,17034.776999336293,9775.706276947598,7112.254940722276,7594.332928120285,21744.85856254291,50630.48813642169,28905.599465122807,24079.67050957455,7915.927206745695,26064.860838055924,15906.173613732159,6473.3053412508525,6312.173202769502,61799.24184163054,0.0,3517.997960117076,6370.854844764322,0.0,0.0,0.0,564.2686330143986,7821.732011963749,0.0,0.0,0.0,6358.929654458067
8,1.1302558681777738e8,0.0,1.1303339877606992e8,1.1302471458294354e8,1.1302688680872561e8,1.1303076867322506e8,1.130320377619375e8,1.1302497739667666e8,1.13035776868749e8,1.1303042692077684e8,1.1304874995684686e8,1.130335420348957e8,1.1303663020739315e8,1.1303078406923287e8,1.1303254921275622e8,1.130316567027263e8,1.1307894666288339e8,1.1303803928854221e8,1.1304386233868721e8,1.1304693725000338e8,1.1302282140678614e8,1.1303363098996541e8,1.1315499765832455e8,1.1304637481053287e8,1.1317097085684739e8,1.1303153483107126e8,1.1303008038339019e8,1.1303093136213113e8,1.1304200549968673e8,1.1302468746086085e8,1.1303057548831165e8,3.952204774020141,5.210549269746154,2.7823350031969487,3.137374577822295,2.957503174417357,3.942350702353213,3.590290052290017,3.3557018479350997,2.7125346547205282,2.846579681181562,3.366372639886262,2.6639118256931726,3.1707585066051758,0.85423803560003,2.873344220305202,0.8697513662556906,0.8685643749843361,2.560376653729776,2.8882058122312406,2.976772483268013,0.9113952104826301,0.8421419866649117,3.086407587392877,0.8454627284147803,0.8641357679149265,3.111497232381802,3.18033407520653,2.731097001100627,3.1303358654070386,2.6564361158216867,2.8865724788672664,5714.64711853293,0.0,31014.014634513467,6780.415690834052,7416.952539891821,16842.23359796726,9503.68712993488,6876.916088940913,7582.275692064734,21734.929913413962,50601.91206342291,28871.0532667277,23784.560173127375,7887.228158295639,25967.254197640268,15881.683927745851,6252.5971940357185,6132.253714397048,61795.565620236375,0.0,3514.618440632875,6170.947225555985,0.0,0.0,0.0,550.1483337501027,7709.220294402281,0.0,0.0,0.0,6158.661928416331
9,1.1302545340219548e8,0.0,1.1303451749152485e8,1.1302460773311573e8,1.1302693571337974e8,1.1302991353283758e8,1.1303145972787064e8,1.1302474845113033e8,1.1303808804132713e8,1.1303183923923066e8,1.130432896905382e8,1.1303222835121673e8,1.1303612292257886e8,1.1303025985440028e8,1.1303189559844029e8,1.1303394522107272e8,1.130742461957205e8,1.1303643810469364e8,1.130429566821607e8,1.1304255595885813e8,1.1302281264596146e8,1.1303218151550534e8,1.1314651928997815e8,1.1304577599278232e8,1.1315897392363673e8,1.1303119543593119e8,1.1302903568472455e8,1.1302972534356046e8,1.1303826801677103e8,1.1302455034701982e8,1.1302943238754958e8,3.8182138415913727,5.041720990745849,2.723540650715745,3.033661572799371,2.876709877822505,3.7348640922943472,3.4983394472946623,3.274070745146965,2.603376833120459,2.734489469562447,3.1957227105935155,2.5705368286935357,3.004255234201371,0.8435999461558936,2.7610428290507074,0.8667546583013659,0.8560759973170817,2.4950622730226013,2.707375039658337,2.9074647532582767,0.9074365868141921,0.8445894897795544,3.043630181530008,0.841831669074024,0.8635695884663235,3.0942879997269643,3.0950023154211723,2.670321265878835,3.0340628160924057,2.602362839769022,2.8121119071503977,5570.99396868788,0.0,30776.80581039346,6700.848873378594,7292.204777965802,16630.073804853448,9195.335125823209,6632.938834261114,7343.00613794289,21688.333714625405,48844.40824974921,28119.77245593514,23051.075623295095,7833.45949219404,25606.92071172315,15852.631333908852,6036.9873066995,5953.112432416539,61075.76299542268,0.0,3469.2435486504,5970.266531541904,0.0,0.0,0.0,536.2100613659577,7477.0685686831075,0.0,0.0,0.0,5963.0988411864455
10,1.130251353095104e8,0.0,1.1303148222973531e8,1.1302415687388928e8,1.130261647571944e8,1.1302805718259947e8,1.1302981655900411e8,1.1302444140749893e8,1.1303452524833778e8,1.1303029842366457e8,1.1303697499617814e8,1.1303039118668287e8,1.1303358550374019e8,1.1302822400712338e8,1.1303076322454822e8,1.1303341036720304e8,1.1306671756274721e8,1.1303415540015504e8,1.130356239979409e8,1.1303771964180925e8,1.1302246507553692e8,1.1302992721600206e8,1.1313465704906775e8,1.1304148019678883e8,1.131415938596131e8,1.130308008225525e8,1.1302760310792851e8,1.1302798187746736e8,1.1303451936792392e8,1.1302438632627258e8,1.1302772054650001e8,3.7467144336235383,4.943317319249021,2.6631576416736706,2.9703210020513007,2.822720351466236,3.652959923364767,3.4804663221488035,3.240428241367143,2.5633133889659527,2.681153230526777,3.0906027634756734,2.530771572092675,2.925594526395722,0.8434969429644489,2.705674432739705,0.861574719206325,0.8514046305625418,2.4678385247973385,2.615286764178127,2.853432914981624,0.890402005518109,0.8430921073054649,3.0050108222166507,0.8398756845511333,0.8597671029801093,3.067584437009223,3.025640136902575,2.638050875080426,2.9875647267003265,2.5670159639986028,2.7704872273108556,5383.982256348684,0.0,30335.7196923306,6603.667122447443,7134.085728029315,16379.515695263626,8881.987095597437,6384.611912841409,6829.323081322871,21451.178732066284,40751.65868412176,27293.164880453878,22281.67295835372,7755.21091357545,25224.02248109809,15651.425336754099,5821.461304066316,5774.468776437665,59342.58561498008,0.0,3418.8448647309533,5759.93578259702,0.0,0.0,0.0,522.6198155769598,7234.68476513942,0.0,0.0,0.0,5771.138141153476
11,1.130247166502754e8,0.0,1.1302806435568756e8,1.1302356292453617e8,1.1302511642722481e8,1.1302679308413039e8,1.130277228512806e8,1.1302410656341371e8,1.1303067421809153e8,1.1302823913799214e8,1.1303042096322489e8,1.1302786516148853e8,1.1302883478183258e8,1.130260623429054e8,1.1302862993428756e8,1.1303115710958469e8,1.1305770179024693e8,1.1302909691680543e8,1.1302806640195319e8,1.1303227718405211e8,1.1302201497347766e8,1.130281133647415e8,1.1311182648569547e8,1.1303604738182312e8,1.1311874485806659e8,1.1303040226635227e8,1.1302605441199945e8,1.1302596488547122e8,1.1303067921230236e8,1.1302418529459137e8,1.1302614060032076e8,3.7181594464593113,4.907390523191969,2.6359600567400117,2.9215273693993713,2.78182842551972,3.6189795656121446,3.475727944097663,3.2302671401062395,2.555797707333755,2.6635996498969603,3.0258782910153132,2.517174009376461,2.8819786763336706,0.8492243904068792,2.670975896340721,0.8629640093698369,0.8551940919590929,2.465029480847304,2.571331147808449,2.827365232758969,0.8805436790989243,0.8479183036083442,2.986278848393527,0.8385138875840685,0.8516877769894109,3.039360279936935,2.978507712192091,2.617369367855145,2.9244914923438894,2.5460716718755174,2.759630073684684,5105.1107551608575,0.0,27312.52000444115,6479.23950482506,6902.4287596005315,16166.314725283635,8558.2387241981,6134.493495587357,6033.724237969406,17967.92369427816,32185.827874936393,25873.173992060543,21004.13773005719,6523.884328476156,24360.150688014935,15426.467808398507,5608.329825619752,5586.1171165217675,55568.27856640873,0.0,3364.9524806610816,5557.985059013383,0.0,0.0,0.0,508.96654462391143,6988.323529456611,0.0,0.0,0.0,5578.777485913334
12,1.1302445921704236e8,0.0,1.1302560770084043e8,1.1302318028944892e8,1.1302433845384021e8,1.1302727435058433e8,1.1302601747662677e8,1.1302380695566238e8,1.130272237664143e8,1.1302622282438926e8,1.1302532725784965e8,1.1302541878602938e8,1.130256304350375e8,1.1302391427043818e8,1.1302731634023377e8,1.1302802822754437e8,1.1304939903969881e8,1.1302713963152075e8,1.1303357323133026e8,1.1302751064952421e8,1.130218076277872e8,1.1302635388330993e8,1.1309364499898474e8,1.1303048438565584e8,1.131109316052035e8,1.1303005087163888e8,1.1302479527259594e8,1.1302443975009611e8,1.1302684991588716e8,1.1302404875356893e8,1.1302513184199888e8,3.7235971932917913,4.9216299464122555,2.63115538105846,2.901771772893874,2.7615792076900174,3.615473076819459,3.46608265970901,3.225017550481851,2.5630214600373566,2.6537482870798423,3.0349145891187654,2.523321295706676,2.871854305812349,0.8564773620747688,2.697564521167506,0.8646590674307979,0.8648109095618715,2.4683685819857737,2.551268457205994,2.816723016467492,0.8794714479164335,0.8548191187900883,2.98000823617008,0.8432956640477755,0.8502533366823122,3.042504998672315,2.967280266485953,2.6123226318300983,2.9119930372931995,2.543172826353893,2.7367382652968857,4959.854301543267,0.0,27004.127761735053,6391.755566595002,6755.734610236716,15986.80764532547,8256.578573865167,5901.453113294918,5607.465351278311,15040.797317875897,30957.395577200256,24742.014969748114,20271.71377570715,5861.400531156157,23990.59711723017,14941.87760841718,5400.61936603649,5412.192875652358,55387.46631982266,0.0,3318.8902520374463,5361.608259038391,0.0,0.0,0.0,495.42082112073336,6764.1954166444275,0.0,0.0,0.0,5390.128916879069
13,1.1302446861442211e8,0.0,1.1302759783034343e8,1.1302328315026264e8,1.130247485296782e8,1.1302761397809574e8,1.1302632953235951e8,1.1302367392646202e8,1.130285509465388e8,1.1302766468324521e8,1.1302382564739026e8,1.1302519691591676e8,1.1302592317254141e8,1.1302427278940576e8,1.1302795102123012e8,1.130251227949062e8,1.1304472979736e8,1.1302585651077434e8,1.1303925135880154e8,1.1302943843218578e8,1.130221751862087e8,1.13024494014195e8,1.1308156658294189e8,1.1302569809536093e8,1.1310407452828017e8,1.1302978577294222e8,1.1302422384791782e8,1.1302368783730836e8,1.130231419774257e8,1.1302391988418756e8,1.1302440756293198e8,3.7432646868789385,4.951825636020508,2.6503687093204475,2.917615624127841,2.772640811433304,3.6279315611162315,3.4581742668905515,3.225195174092046,2.5673041007092734,2.6747184863809514,3.0553117191243833,2.542064812806312,2.8764002382941003,0.8634535663486518,2.7455483280257216,0.8707740770554826,0.8755410071287325,2.4763033975152373,2.638735861719782,2.8228194985411994,0.8761528033547972,0.8589576185541055,2.9947689291060158,0.8489487286224174,0.8569843396248363,3.0608240537832674,2.9801754191279213,2.6096741189575536,2.92276973706667,2.5469000227716294,2.7222573294355397,4855.653563696689,0.0,26822.56887104745,6321.567116846882,6656.071808250926,15803.48685882084,7994.9220505690755,5702.769828610027,5349.598351139557,15015.655937143682,30161.986523281066,24194.83089480952,19691.808359500006,5812.259859815134,23722.12511113049,14662.793902621694,5196.6018822730975,5241.750860507529,55359.49390339755,0.0,3289.5926666525183,5167.340069220383,0.0,0.0,0.0,482.0502311499306,6561.325728428944,0.0,0.0,0.0,5204.24821250301
14,1.130242954235616e8,0.0,1.1302786542414093e8,1.1302307611511075e8,1.13024933639792e8,1.1302709888452263e8,1.1302593922759357e8,1.1302345106915379e8,1.1302575199832228e8,1.1302652050437935e8,1.1301797782796897e8,1.1302468644400018e8,1.1302682904825771e8,1.1302421880285716e8,1.1302666411653158e8,1.1302629487480605e8,1.1304001657684173e8,1.1302446254097836e8,1.1303437526007178e8,1.1302571928011785e8,1.1302226584263402e8,1.1302234459499864e8,1.1306808122314513e8,1.13021265785779e8,1.1309116953027228e8,1.1302951970342328e8,1.1302355575339827e8,1.1302298618605833e8,1.1301950086502342e8,1.1302377512202844e8,1.1302395187156583e8,3.7606489179230636,4.968904138220994,2.6669236606087092,2.929961202983933,2.785374348479496,3.637765784613844,3.4468738439048536,3.224007020879932,2.579171892160157,2.6719116559063574,3.071374615513711,2.561206205467211,2.8951902141046926,0.8686177666496371,2.7870294266419404,0.881222248898386,0.8849525117688533,2.485996408112559,2.614094334430908,2.8350532309188523,0.8708365636457348,0.8623846739301356,3.013812404115116,0.8503056132249653,0.8619826381986115,3.0800319342166604,2.994985811488907,2.6095991681926285,2.942856514626741,2.5514062353415654,2.72044756131258,4734.405956317679,0.0,26572.35885058286,6242.881570609757,6550.805597934754,15610.45706707422,7728.027096417346,5494.331249359166,5021.877272323217,14824.123117709973,27369.188055036844,23643.612605254577,19149.35319954885,5762.801939588337,23375.216370775393,14496.919658866727,4995.388629318933,5073.421037341903,54588.02391315902,0.0,3249.397661389194,4972.211023430802,0.0,0.0,0.0,468.77566001673716,6359.4601427204,0.0,0.0,0.0,5022.421626175327
15,1.1302408820146765e8,0.0,1.1302662204718779e8,1.130228028297192e8,1.130248134079718e8,1.1302530822806552e8,1.1302499681782724e8,1.1302318182656525e8,1.1302320988156459e8,1.1302458966939494e8,1.130121805452364e8,1.1302383185517992e8,1.130266418319434e8,1.1302371449846902e8,1.130246903497146e8,1.1302580386298946e8,1.1303410498237817e8,1.130240940392807e8,1.1302691247210968e8,1.1302140856055324e8,1.1302222233423789e8,1.1302017599352774e8,1.1305235398679096e8,1.1301722760432419e8,1.130720891278514e8,1.1302924215700343e8,1.1302279978128436e8,1.1302224711349568e8,1.1301599223945093e8,1.1302363158188455e8,1.1302255721669291e8,3.776649915118492,4.973612366328671,2.681107796621908,2.952490590049075,2.802431042153501,3.614141764144873,3.4465498020284175,3.2236378561704395,2.576832901988376,2.667419175465326,3.071822024882901,2.582958420736788,2.891212159509687,0.8715759110421899,2.811357784895275,0.8880300422175412,0.8929503859534735,2.4900443356941535,2.5920934879281545,2.8396658981755554,0.8745602380609957,0.8672920216249862,3.0358111519793,0.852994508417721,0.8675250772337328,3.0965503231646645,3.0139940547575783,2.6153118662769708,2.9739304318326627,2.560132502347897,2.730658447568814,4612.840036557593,0.0,26309.177426374124,6164.024407537754,6441.768554800009,15385.336755961715,7459.737770186366,5283.281556231422,4711.767851836174,14287.382212623126,24876.70681644576,23081.99627009908,18591.805985392293,5713.580606840156,22894.19501042102,14315.247697708703,4798.034579314192,4909.634776380889,52663.06245253554,0.0,3208.456100516438,4780.582830488577,0.0,0.0,0.0,455.61591325053837,6161.4914218631575,0.0,0.0,0.0,4841.322736925571
16,1.1302374135318796e8,0.0,1.1302340800796579e8,1.1302231119585854e8,1.1302395440936427e8,1.1302290314182204e8,1.1302308247888388e8,1.1302281496652733e8,1.1302066037586647e8,1.1302262742898548e8,1.130064000070409e8,1.1302210889809917e8,1.130253718612415e8,1.1302282359586434e8,1.1302228589232817e8,1.1302480636590132e8,1.1302653016072291e8,1.130223959348972e8,1.1301939079071973e8,1.1301693067836158e8,1.1302196113970809e8,1.1301774484271218e8,1.1303595140394448e8,1.1301279650553168e8,1.1305074468961176e8,1.1302895314676845e8,1.130218968986684e8,1.1302137763610886e8,1.1301278545143704e8,1.1302348856210683e8,1.1302035206782979e8,3.7792411116952542,4.951231997943364,2.692916471199368,2.9753674861520336,2.8157397184603252,3.5678009696702397,3.4546697023378825,3.212921298230339,2.5637177119910897,2.655895375213104,3.0454983548225356,2.6011535185083523,2.8698141687905068,0.8730406667611137,2.8094028460689584,0.8939055808067243,0.8989175259746758,2.4909766504240225,2.5742452342935955,2.832526153638997,0.881484406459408,0.8699534192917425,3.057193542877959,0.8552488406123804,0.8734336421304155,3.1070954211780655,3.032675138895519,2.6258079265529966,3.0125004004337876,2.5714929808181233,2.741673848526901,4455.677112805577,0.0,25790.557743719306,6071.257391566659,6301.683602280578,14718.211316545036,7166.050811409462,5043.9270335234905,4390.489403274565,13456.68543306173,22259.69174894641,22414.425732427524,18001.647278620017,5662.852469480755,19280.601194948864,14126.54040422984,4595.3786063213265,4740.734128822384,50228.703026113144,0.0,3165.4510318307084,4580.40756586368,0.0,0.0,0.0,442.363972410508,5958.167614710863,0.0,0.0,0.0,4653.033892602991
17,1.1302318517971532e8,0.0,1.1301976226803935e8,1.1302155343883903e8,1.1302269419555135e8,1.130203007884036e8,1.1301963447343077e8,1.1302218711960825e8,1.1301743201542264e8,1.1302062997708805e8,1.130007280850145e8,1.1301940199079444e8,1.1302169651826827e8,1.1302065861174385e8,1.1301967405785705e8,1.1302368335847601e8,1.1301525437367271e8,1.1301778246539347e8,1.1301173158310129e8,1.1301089825745718e8,1.1302136277056918e8,1.1301489903030694e8,1.1301703949075897e8,1.1300905541487642e8,1.1302533973254652e8,1.1302857143454756e8,1.130201149740678e8,1.1301900541111183e8,1.1300900444729216e8,1.1302334489271948e8,1.1301766575965822e8,3.743741605884523,4.884964119698248,2.6770944991087964,2.96431387487839,2.833242700344388,3.486838493488359,3.46608234442871,3.198023491505554,2.5468751922760773,2.6284042144212587,3.0011468851729357,2.6072981472425263,2.846196175343965,0.8729589351512272,2.762771204244314,0.8967902856432793,0.901869785228609,2.4946418697480732,2.5622768380209724,2.818206463024009,0.8781243228190582,0.8717448790542671,3.0758606737918917,0.8528377703909238,0.8782692304265909,3.124127477862241,3.0353722912848586,2.62957263834152,3.0419334048259,2.5763425404783464,2.74927691556334,3495.338463184638,0.0,20302.089181376145,4783.947054065779,4994.586810650963,11357.939991678386,6555.062615005959,4528.826843981506,4013.9164335922674,11156.933949325085,19799.576891165245,20656.11079581322,17299.5124580678,4409.52790740284,14775.462231909816,13942.07706564116,4391.210292767634,4564.393460846538,43788.287038486524,0.0,3066.359821575175,4366.802023479744,0.0,0.0,0.0,429.09787291581887,5719.589517261748,0.0,0.0,0.0,4461.922501220078
18,1.1302261516653155e8,0.0,1.1301610235602534e8,1.1302078086984783e8,1.1302141968101467e8,1.1301770193156849e8,1.1301598499299854e8,1.1302147257645929e8,1.130139714928881e8,1.1301863798456061e8,1.1299548214184716e8,1.13016476671643e8,1.130159677791691e8,1.130184681734955e8,1.1301704643255244e8,1.13020356668978e8,1.1299432962082034e8,1.1301098899710763e8,1.1300439974599299e8,1.1300391118720697e8,1.1302073211237812e8,1.1301195946961467e8,1.1299234748491213e8,1.1300331980838583e8,1.1300564442033479e8,1.130280646278339e8,1.1301761262149376e8,1.1301541197873582e8,1.1300408403413925e8,1.1302319601485167e8,1.130136065389176e8,3.710933611252432,4.837243376126214,2.630720875998882,2.9057282396153576,2.802222300983572,3.539842652578837,3.4469105678305336,3.1808317538335045,2.5413386713366855,2.6239975520619794,2.954584733159177,2.5875304296549753,2.793122699229097,0.8672427727804884,2.6858471774971493,0.8909372972173633,0.8956569036034289,2.4980835844907774,2.52800396809937,2.795207366944691,0.8687911857173668,0.8712352328994311,3.0514513915290933,0.8512109769020391,0.8800151169716104,3.134332870609664,2.9903700813642393,2.6214271695776685,3.035100851931347,2.5629881349776524,2.7495692670007004,2508.3807507080733,0.0,14794.481299028297,3452.304395197071,3659.575134446313,8001.0296408035965,5063.293021501258,3493.5779125506283,3584.01576888785,8682.46763477502,18180.62145797412,16520.59319842221,13190.964317616796,3061.311599620331,10250.459987228383,10958.105856832159,4141.28949530913,4106.617915116016,42191.72526084085,0.0,2518.9536396162657,4141.65643350815,0.0,0.0,0.0,415.81999887316925,4199.572803853337,0.0,0.0,0.0,4221.570641880465
19,1.1302209269660039e8,0.0,1.1301250095189644e8,1.1302005798498486e8,1.1302017484426916e8,1.1301526905442485e8,1.130126035662648e8,1.1302087978189918e8,1.1301087154500563e8,1.1301663640652032e8,1.1299263688350236e8,1.1301315266026378e8,1.1301010795623232e8,1.1301630686432846e8,1.1301446738295302e8,1.13016999061367e8,1.1297454209707625e8,1.1300511018743621e8,1.1299637251138479e8,1.1299639939404547e8,1.1302007323119746e8,1.1301027741420761e8,1.1296275166948353e8,1.129962649653418e8,1.1297312536519502e8,1.130275222460147e8,1.1301540090950082e8,1.1301217575900705e8,1.1299940959424695e8,1.1302306601594853e8,1.1300918672739251e8,3.6654046355044385,4.844031916696006,2.6163271006224544,2.840440466182024,2.7717607223161886,3.5392110757627355,3.416186345734394,3.1489548849513835,2.532450682920359,2.646930064466673,2.9849551325707933,2.537511587368669,2.826859019008665,0.8641713633323589,2.65488697115604,0.8748489137582939,0.8875638538722126,2.514674678320778,2.566599574893941,2.800020587202706,0.8265150026533515,0.870491352578906,2.9950743948398917,0.845462377442957,0.8765693394543527,3.1044839135715834,2.9398091517547846,2.618545360681422,2.992957329512297,2.549452563255441,2.7531424764112025,1645.4569897085298,0.0,9363.606418467618,2565.8234207212563,2385.109846801834,6384.305229960898,4524.440548214215,3063.9849156660466,3209.8024573726075,5862.688183987753,17274.029626804033,11235.614680474118,8916.909422192273,1826.3698089051989,5783.424053053836,7887.4882328663925,3925.357259347517,3914.1749190860805,30501.53536913419,0.0,1839.619256934774,3952.2106353587037,0.0,0.0,0.0,402.45529587099526,3795.7782993825267,0.0,0.0,0.0,3962.215287876339
20,1.1302168326771508e8,0.0,1.1300909818045121e8,1.1301946559760661e8,1.1301903736334352e8,1.1301374418436147e8,1.1300966647240251e8,1.1302039613532363e8,1.1300821493581791e8,1.1301467344423124e8,1.1299452562801073e8,1.1301040837697333e8,1.1300499368459217e8,1.1301434700913158e8,1.1301277197151788e8,1.1301375248136781e8,1.1295878738344383e8,1.1300141419400744e8,1.129887674964392e8,1.1298957563530104e8,1.130194402142153e8,1.1300930679821421e8,1.129424488170114e8,1.129888811617448e8,1.1294688015455662e8,1.130270451185879e8,1.130135091904701e8,1.1300948237649792e8,1.129952369108582e8,1.130229435786358e8,1.1300573007361227e8,3.611430917665845,4.800984990967812,2.5932603397556884,2.810407835314553,2.749796854733879,3.524731542165609,3.3803304947130535,3.1082294148280893,2.525725197563844,2.6327717800945956,2.9614960558318977,2.4917729731036378,2.827523763604547,0.8594335547945622,2.613620263300241,0.8622618559847833,0.8790932187710357,2.5196381333605293,2.529207480932613,2.796531702847418,0.8212444694494475,0.8694157388479224,2.9722976494260758,0.8422183574302663,0.8757215881944859,3.099778072981166,2.9186734580677145,2.6025752370973696,2.9784222836330465,2.5392490114298933,2.747121171604656,1431.4996235338979,0.0,7161.430664725191,2455.8503843850544,2067.2156719293735,6182.099498333289,4177.694153300243,2772.0145823179664,2868.1680434690097,4833.6185159727365,16588.236276879306,8946.154425708439,7466.534310069325,1763.6676269625377,5385.408395944775,5646.585536494622,3724.499821491489,3744.930523508881,25543.06736122622,0.0,1249.4259653000993,3770.305005004615,0.0,0.0,0.0,389.14810398665554,3541.2786673234014,0.0,0.0,0.0,3764.690108154146
21,1.130213725433791e8,0.0,1.1300604032703067e8,1.1301900008485788e8,1.1301791439143664e8,1.1301364039249769e8,1.1300727749560037e8,1.1302003331033544e8,1.1300714913756335e8,1.1301459854823893e8,1.1299881293541451e8,1.1300909429067764e8,1.130012288383893e8,1.1301450118205263e8,1.1301291663048129e8,1.1301057687791437e8,1.1294748031574151e8,1.1300012334279391e8,1.1298132587375347e8,1.1298327719070567e8,1.1301882274016318e8,1.1300973096302344e8,1.1292550146730565e8,1.1298285705093086e8,1.1292540868112098e8,1.1302662741774623e8,1.1301192836186957e8,1.1300740773823395e8,1.12991199303233e8,1.1302288130043672e8,1.1300410479361993e8,3.5380255056966043,4.690175258643793,2.567314260620208,2.77144887517032,2.717281720917301,3.4621674447296154,3.355051843949968,3.06070525945225,2.4953964719037494,2.5828921725506846,2.9424055075107125,2.43841256464109,2.825059540526084,0.8580892094793137,2.5405169948905155,0.8569774693109734,0.8791188164701963,2.514948018042045,2.456387374253449,2.7952281118235525,0.8225388161193534,0.8714970074205508,2.9456285049475,0.841544108355384,0.8777363996860352,3.095128388954922,2.8853904379919997,2.5847140346879165,2.9550267805696087,2.522163901298997,2.723371035873877,1271.088479698404,0.0,6742.987290417583,2363.901419206376,1775.669419079906,5995.647381434362,3854.6594629830834,2516.430892569125,2542.0755328881305,4658.8823121807645,16358.849292255198,8308.34587310152,6707.642563118158,1713.4129653272382,5088.905033930125,4991.63355205051,3517.90626263415,3574.17597422107,23432.975600547925,0.0,1032.0675819962446,3591.0054682881346,0.0,0.0,0.0,375.7817901890066,3303.557663901731,0.0,0.0,0.0,3574.258579259405
22,1.1302167759557931e8,0.0,1.130084513579085e8,1.1301943385317817e8,1.1301822108895244e8,1.1301404495507365e8,1.1300726729337277e8,1.1301992052796273e8,1.1300729325521141e8,1.1301573254986832e8,1.1300324875936054e8,1.130107829022756e8,1.1299854881099479e8,1.1301592455705577e8,1.1301470265980358e8,1.1300846811308256e8,1.1294419851931182e8,1.1299933328469165e8,1.1298682622148743e8,1.1297808261085206e8,1.1301837678138529e8,1.1301124464966531e8,1.1291507434190841e8,1.1297768090834323e8,1.129151202368403e8,1.1302633023847322e8,1.1301294351336671e8,1.1300749152421144e8,1.1298765625163577e8,1.1302290108852006e8,1.1300338640087946e8,3.413737498313705,4.535592135705285,2.5022701741125535,2.7059040899017623,2.6575953516653192,3.354334178817609,3.271727129730522,2.982653170611524,2.436899675869276,2.5011918934228508,2.8782888369094444,2.3535404309778465,2.7622507059522263,0.8543553640483867,2.489004034408657,0.8516223809312041,0.8775778247392381,2.4878068893295837,2.32666822110803,2.7528919124101168,0.8226472243894132,0.8699673855575989,2.901912028890973,0.8412745188864199,0.8749172924796225,3.0899032549814867,2.808576725025624,2.5406621408428958,2.8859347261667825,2.4776008466373516,2.6737589857922996,1212.7056279309652,0.0,6668.010703093904,2318.6258445521803,1669.8676301357882,5809.655036128905,3573.458972368801,2304.660688174102,2215.0627395240563,4533.298476098016,16241.027582815945,7984.481282990035,5988.787482500237,1683.6635506716884,5077.383832495392,4782.407783296898,3309.2794554644993,3401.910113395868,23247.39523369918,0.0,982.3274943454292,3422.6342416116026,0.0,0.0,0.0,362.18432632773784,3132.2723583702145,0.0,0.0,0.0,3385.813385065405
23,1.130220701112324e8,0.0,1.1301094789933771e8,1.1301996269900964e8,1.1301909207486087e8,1.1301582896226832e8,1.1300987237320879e8,1.1302048312389645e8,1.1301011928733438e8,1.1301719110437158e8,1.1300777605042969e8,1.1301305815309179e8,1.1300095589757876e8,1.1301740064715385e8,1.1301649638248916e8,1.1301077359654364e8,1.129533413955784e8,1.1299909384328336e8,1.1299252628117105e8,1.1298493096423806e8,1.1301878645454945e8,1.1301316457372333e8,1.1291012617914103e8,1.1297960714262226e8,1.129115274438631e8,1.1302624092024724e8,1.130146560646884e8,1.1300933309917605e8,1.1298752569019796e8,1.1302304991170938e8,1.1300418371871082e8,3.2613906488716546,4.385639736154888,2.4187231049956748,2.62138846467166,2.579790697565039,3.2320605258563138,3.115090344296354,2.8760907813612904,2.34620136162849,2.3936227250119124,2.764178738261131,2.354378217869546,2.6272350915244274,0.8485414611646284,2.441492027535285,0.8476338578342114,0.8700981108398068,2.42450932795687,2.2805176586534546,2.6680860956819528,0.8233767598476986,0.8659649266434185,2.8299521671037278,0.8401916871652646,0.871461339453743,3.0726261171628266,2.69053855098141,2.460672004426679,2.769258927693183,2.397599726209378,2.597057069575514,1206.0120038897905,0.0,6660.396094786728,2310.7006111339174,1661.6639553120137,5798.49881390085,3553.2253185918753,2286.559366013294,2189.6405982127485,4520.812468426879,16211.909579868423,7982.685683699322,5479.339736663265,1670.7969515080904,5073.722541452566,4764.863846876884,3101.0605407958315,3226.4517206977503,23243.357012132285,0.0,962.8587972693035,3264.4416916434357,0.0,0.0,0.0,348.4513870898789,3108.242135868354,0.0,0.0,0.0,3202.773023956925
24,1.130224680032507e8,0.0,1.1301344998252909e8,1.1302049866865794e8,1.1301997011715029e8,1.130176225736634e8,1.1301249699698228e8,1.1302106252511275e8,1.1301296899587224e8,1.1301866063722602e8,1.1301232888576004e8,1.1301533568743955e8,1.1300496516408114e8,1.1301889274511716e8,1.1301829253614794e8,1.1301309483031712e8,1.1296839057797934e8,1.130038300523405e8,1.1299822779946323e8,1.1299181720707922e8,1.1301923301088496e8,1.1301576212963144e8,1.1293450294039384e8,1.1298709121024731e8,1.129280812613412e8,1.1302641915588243e8,1.1301639013157246e8,1.1301180469293632e8,1.1299442533294341e8,1.1302323387638427e8,1.1300757582761647e8,3.158635016568376,4.302682307249576,2.3614486784180646,2.583266653245369,2.516558850070993,3.1486287996160214,3.0142105837739632,2.824013671488983,2.2903219060382947,2.309211197042477,2.670964281245481,2.281468446044017,2.5417118586121763,0.8395595878926145,2.42015748573138,0.8405382512190587,0.8613387458883094,2.300333727660135,2.2544276484180035,2.5607408661598394,0.8265416773857323,0.8580637352482587,2.7374168019446907,0.835033238413148,0.8655244939310526,3.029349729693019,2.6118442176762784,2.3672915516019097,2.655355560762326,2.301851299580365,2.5069521324067896,1207.9405608869722,0.0,6662.167267509525,2311.840462329416,1663.528934753903,5800.228950577528,3554.753556793207,2288.4383036683143,2190.179399649015,4521.7277184533,16212.188790647584,7984.35918734521,5478.687621087019,1670.713466772135,5077.465704521618,4764.380037405513,3099.1386235136383,3185.656066865201,23243.594008635893,0.0,962.7800568492377,3242.3219751870693,0.0,0.0,0.0,334.642174208054,3106.971925944203,0.0,0.0,0.0,3197.9452125593334
