time,elec_Region1Beijing_seg1,elec_Region1Beijing_seg2,elec_Region1Beijing_seg3,elec_Region1Beijing_seg4,elec_Region2Tianjin_seg1,elec_Region2Tianjin_seg2,elec_Region2Tianjin_seg3,elec_Region2Tianjin_seg4,elec_Region3Hebei_seg1,elec_Region3Hebei_seg2,elec_Region3Hebei_seg3,elec_Region3Hebei_seg4,elec_Region4Shanxi_seg1,elec_Region4Shanxi_seg2,elec_Region4Shanxi_seg3,elec_Region4Shanxi_seg4,elec_Region5Innermongolia_seg1,elec_Region5Innermongolia_seg2,elec_Region5Innermongolia_seg3,elec_Region5Innermongolia_seg4,elec_Region6Liaoning_seg1,elec_Region6Liaoning_seg2,elec_Region6Liaoning_seg3,elec_Region6Liaoning_seg4,elec_Region7Jilin_seg1,elec_Region7Jilin_seg2,elec_Region7Jilin_seg3,elec_Region7Jilin_seg4,elec_Region8Heilongjiang_seg1,elec_Region8Heilongjiang_seg2,elec_Region8Heilongjiang_seg3,elec_Region8Heilongjiang_seg4,elec_Region9Shanghai_seg1,elec_Region9Shanghai_seg2,elec_Region9Shanghai_seg3,elec_Region9Shanghai_seg4,elec_Region10Jiangsu_seg1,elec_Region10Jiangsu_seg2,elec_Region10Jiangsu_seg3,elec_Region10Jiangsu_seg4,elec_Region11Zhejiang_seg1,elec_Region11Zhejiang_seg2,elec_Region11Zhejiang_seg3,elec_Region11Zhejiang_seg4,elec_Region12Anhui_seg1,elec_Region12Anhui_seg2,elec_Region12Anhui_seg3,elec_Region12Anhui_seg4,elec_Region13Fujian_seg1,elec_Region13Fujian_seg2,elec_Region13Fujian_seg3,elec_Region13Fujian_seg4,elec_Region14Jiangxi_seg1,elec_Region14Jiangxi_seg2,elec_Region14Jiangxi_seg3,elec_Region14Jiangxi_seg4,elec_Region15Shandong_seg1,elec_Region15Shandong_seg2,elec_Region15Shandong_seg3,elec_Region15Shandong_seg4,elec_Region16Henan_seg1,elec_Region16Henan_seg2,elec_Region16Henan_seg3,elec_Region16Henan_seg4,elec_Region17Hubei_seg1,elec_Region17Hubei_seg2,elec_Region17Hubei_seg3,elec_Region17Hubei_seg4,elec_Region18Hunan_seg1,elec_Region18Hunan_seg2,elec_Region18Hunan_seg3,elec_Region18Hunan_seg4,elec_Region19Guangdong_seg1,elec_Region19Guangdong_seg2,elec_Region19Guangdong_seg3,elec_Region19Guangdong_seg4,elec_Region20Guangxi_seg1,elec_Region20Guangxi_seg2,elec_Region20Guangxi_seg3,elec_Region20Guangxi_seg4,elec_Region21Hainan_seg1,elec_Region21Hainan_seg2,elec_Region21Hainan_seg3,elec_Region21Hainan_seg4,elec_Region22Chongqing_seg1,elec_Region22Chongqing_seg2,elec_Region22Chongqing_seg3,elec_Region22Chongqing_seg4,elec_Region23Sichuan_seg1,elec_Region23Sichuan_seg2,elec_Region23Sichuan_seg3,elec_Region23Sichuan_seg4,elec_Region24Guizhou_seg1,elec_Region24Guizhou_seg2,elec_Region24Guizhou_seg3,elec_Region24Guizhou_seg4,elec_Region25Yunnan_seg1,elec_Region25Yunnan_seg2,elec_Region25Yunnan_seg3,elec_Region25Yunnan_seg4,elec_Region26Tibet_seg1,elec_Region26Tibet_seg2,elec_Region26Tibet_seg3,elec_Region26Tibet_seg4,elec_Region27Shaanxi_seg1,elec_Region27Shaanxi_seg2,elec_Region27Shaanxi_seg3,elec_Region27Shaanxi_seg4,elec_Region28Gansu_seg1,elec_Region28Gansu_seg2,elec_Region28Gansu_seg3,elec_Region28Gansu_seg4,elec_Region29Qinghai_seg1,elec_Region29Qinghai_seg2,elec_Region29Qinghai_seg3,elec_Region29Qinghai_seg4,elec_Region30Ningxia_seg1,elec_Region30Ningxia_seg2,elec_Region30Ningxia_seg3,elec_Region30Ningxia_seg4,elec_Region31Xinjiang_seg1,elec_Region31Xinjiang_seg2,elec_Region31Xinjiang_seg3,elec_Region31Xinjiang_seg4
1,0.01867775270195045,0.013447931310451544,0.017811815739705687,0.031387902260359354,0.01916640564200278,0.012824529395906021,0.016987500402128583,0.031514669819945273,0.016350886760005963,0.017438084401782246,0.022216206747088994,0.03305331192962054,0.017352669334408512,0.0156380826244948,0.020506225479494797,0.03181915536818864,0.015947220802773002,0.0172234269813072,0.022077045153273925,0.03299640846246028,0.017819953972801363,0.015919577629635043,0.020818144084235223,0.0320885135147912,0.017791508285848506,0.012566003153401378,0.01675294778938285,0.03129846133049954,0.018679447622180722,0.013111198904322842,0.017403490323610774,0.031331659487222545,0.01833213927426133,0.014272703152833728,0.018896382705633232,0.031394437092783244,0.014648244847606857,0.020799718707706926,0.02734601663076818,0.03794141992865319,0.015398787621681018,0.019393370638630045,0.024512160452230907,0.03497421693608964,0.017375363518372846,0.015845588981747833,0.020739263567580123,0.031968706242553234,0.01781886331319175,0.015619219858054355,0.020466490359603618,0.031879066456984045,0.018126151195694086,0.014164773053244747,0.018775637247689915,0.03125878569512631,0.01470242762695295,0.02054685587819232,0.02664308135666272,0.0372570979421157,0.016646628392949697,0.016317709629978,0.021148874481158274,0.03219664044314203,0.01766300861503795,0.014865943296418176,0.01967030919307071,0.03143151978999731,0.01726972708655628,0.014692579223946086,0.019494015058544756,0.03147851267137005,0.014822030864329263,0.020104844158934817,0.025732802205708432,0.036432798482179146,0.017538823839249873,0.015478461577525826,0.020372344671910174,0.032019919161326814,0.020321402496324248,0.011592354526006418,0.015362533810974553,0.03280666815308988,0.01859856566722599,0.01359578441598412,0.0180212295645983,0.031550160091510855,0.016568770760989643,0.01704896775685481,0.021903402574817824,0.0329219788353233,0.01831061353786438,0.014534255479001855,0.019275189573095212,0.03164025479734061,0.017892269608101592,0.01463451221438473,0.019415624052853235,0.031643533017901855,0.015032162851857574,0.009158098297350183,0.012799035201240488,0.03446887805745844,0.01708069314446987,0.015354800294635726,0.020190102035903042,0.031640598468609914,0.018053310506104352,0.014198472779063484,0.018844630778922247,0.031321239462377776,0.018399210372202292,0.013063958467794767,0.01734167208244128,0.03154087374073833,0.018284958815702145,0.013924222133499444,0.018467934963261285,0.031441897090713385,0.016031255703000336,0.017429539870104926,0.02219708144587503,0.033064415382008744
2,0.01876716007837242,0.013253130634669137,0.01754091462124664,0.03136987409646393,0.01911829762404152,0.012821859138341184,0.016984958619753014,0.03146004938279827,0.01667434133419094,0.01685613396286356,0.02167576135534723,0.0325758720483257,0.017150374860608546,0.015504915333821315,0.02036962515262988,0.03169564824651779,0.015988853164225474,0.017203276567953497,0.022060591681166284,0.032937394905752274,0.017726698332283887,0.015870560334581844,0.02076894919344446,0.03202201664058233,0.017962287605097896,0.012604110160179219,0.01678644178654627,0.031365727281224665,0.01869814840910545,0.013151114489541777,0.017452912066059825,0.03134522517000655,0.018391373383742783,0.014126231688829342,0.01869448159554377,0.03138695366403596,0.014664207600673343,0.02079432270347819,0.027323327965947615,0.03791498917924894,0.015490591991186908,0.019185823038013552,0.024233238336665026,0.03470834563173409,0.017630066203416925,0.01563696856052745,0.02052794596984061,0.03184194656278883,0.017902370404393842,0.015407730209982921,0.020249438310269822,0.03177163729880138,0.01807493093088188,0.014115008956963918,0.01868424133866838,0.030956185027289487,0.01471407531263085,0.02054665668981215,0.026634575815511683,0.03721339258103375,0.01668306097215369,0.0164189549473066,0.021254509130216783,0.03224370179334035,0.017743317624791706,0.01475361957303404,0.01954223944098684,0.03136903398324555,0.017077388921440364,0.014619915498719958,0.019418916938418723,0.031459666222063525,0.014864379996152874,0.01996858330263102,0.025436710396708192,0.03603249926944943,0.017824036080472318,0.01546146286795961,0.020349617244399706,0.031949155792502584,0.020251829780537786,0.01150182688924454,0.015220773235976197,0.0328107869964559,0.018595376153737495,0.013554194073058013,0.01795677553685908,0.03146442904910096,0.016689696749731853,0.01702732390280123,0.02190228419631908,0.032966487784194504,0.018263230438079873,0.014454757034855284,0.019165838836521232,0.03152302567000513,0.017953293810798892,0.014598807279672535,0.019360204728123807,0.0315552727785244,0.015034878721575629,0.009150529800381278,0.012808101584648944,0.0346094976561151,0.017213228617263068,0.015377259259471756,0.020218268515358753,0.0316337111043502,0.018132462296064633,0.014226352919851772,0.018876484249425132,0.031321219574746435,0.018374071418512775,0.013084941460859742,0.017365870844376446,0.031531243228034016,0.018302795860731615,0.013945185272252452,0.018493097472180323,0.0314240598546225,0.01606515035172489,0.01746698165371107,0.022241064630485873,0.033072792160357224
3,0.01859662492236385,0.01314923814698851,0.017323698879937666,0.030290851826222036,0.018930994668152526,0.012682758608927794,0.016734301617958188,0.030384128655212592,0.01650738801400123,0.016769645390616282,0.021461262307229476,0.031528622450360685,0.017019103180684624,0.015520235692719368,0.020269269818230344,0.030730325867175015,0.01592526123298478,0.017087294491900114,0.02181795214146646,0.031875924544334314,0.017687140817209193,0.01578082318766875,0.02055175370605971,0.030959326086162156,0.017945723220087802,0.012526977124748238,0.016601202577433243,0.03031517079330271,0.01895601812420309,0.0131159595544795,0.017313694615397567,0.030383016965131147,0.01836186232723365,0.013742804099416597,0.018091307307420878,0.0302803199279001,0.014569198768320354,0.020529037434242996,0.02670931805005131,0.03634825965001848,0.01545981146680588,0.018891755195189673,0.0237332528295384,0.03332953854453817,0.017529252898112926,0.015440871993121073,0.020201274746389938,0.03073430823938572,0.017814450437801915,0.015152999011840373,0.019854619273736586,0.030598938355522267,0.01803639077307357,0.01402838968804398,0.01850840024386979,0.03022265487788328,0.014562102340113176,0.02041493434883493,0.02636491013883592,0.03602944045783985,0.01671814667980975,0.016215683165976602,0.020928960357781877,0.031118913766141735,0.01764491610415142,0.014515523025050506,0.019148180697946486,0.030250578641623622,0.016989143493022257,0.01449678471465909,0.019155730512765798,0.030263284254294608,0.01481358733879531,0.019681063314122872,0.02485813357409382,0.034516768901768136,0.01783118836333306,0.015322151715450897,0.02007014985571798,0.030752622746396566,0.02005637047352255,0.011358695766505018,0.014936224045001103,0.031629366273226794,0.018465959371250264,0.013446348573641997,0.017720441820146628,0.030261242096731884,0.016694881739189333,0.016859342241391753,0.02159496575412776,0.03177407346036519,0.018161545511056892,0.014298871198390503,0.01886463754563623,0.03034272968340306,0.017937277711344332,0.014415211925871137,0.01901437964001091,0.030320244820921983,0.015014286348643921,0.009120822990385233,0.012757489897833188,0.034171202458979005,0.017370537983464777,0.01530597049538596,0.020024324119363265,0.030606599594400215,0.018107039939013136,0.014148447870041558,0.01867686765555434,0.03022669501946104,0.018232296336056757,0.012987742003360397,0.01715125151426999,0.03038197106135674,0.018216909611953953,0.01385417948670477,0.018281657943202582,0.030313860393803793,0.016132519929493088,0.017379563786342082,0.022010585307118354,0.031930249935274053
4,0.018510747657985882,0.013219220380492357,0.017420835714250276,0.030304258573240622,0.018914290129759107,0.01268684840339586,0.016742984722860253,0.03040078886139646,0.01618984029923015,0.017207235562744515,0.02187808240327938,0.03187870709823855,0.01713383459027669,0.015576649739938168,0.020340309958737497,0.030804121816745734,0.015928959650045243,0.01712754348087004,0.021868672832539005,0.03193661638703723,0.017663986714755674,0.015813441066536003,0.020595836579187253,0.031003749455514436,0.018520255739969096,0.012562693582297607,0.016620041469448787,0.0303448312193726,0.019030230575483968,0.013141403140582852,0.01734713550690843,0.03043196957164537,0.01834725481028243,0.01365351019496461,0.01797697182922698,0.030303256129321554,0.014562921250439953,0.020460075179530027,0.0265385658637995,0.036207433594921026,0.01550368730639588,0.018819782372804284,0.023641124361079756,0.033275415369586864,0.017489644022215912,0.015394103486264216,0.02016098470890984,0.03073691818321537,0.017817379328715695,0.015104023815122705,0.019807718841051376,0.030606895771675677,0.0180481678518245,0.013995581769189839,0.018467100589689717,0.03025432898441056,0.014542949458689761,0.020405531735435266,0.02634681489134611,0.036026566985188614,0.016819950623184653,0.01617698197105293,0.02089894597436203,0.031123960549116585,0.017573537728641776,0.01431680394340115,0.01890182780676365,0.030201262118185173,0.017010994085133013,0.014504979865360654,0.019172041436223478,0.030306251117078874,0.01483962262477091,0.019623802253133902,0.024777871948609743,0.034434466939840896,0.017940478131323115,0.015343809320002113,0.020103135669982588,0.03079934111942411,0.020074074386568084,0.011375048636092549,0.01495031702186192,0.03167217305538294,0.018483122117515863,0.01345993589100237,0.01774119321371933,0.03029804125404962,0.016746899113906238,0.01682773765527592,0.02154026851502486,0.031568770172858106,0.018210026498770578,0.014282269113445786,0.018848319316105012,0.030367966232280642,0.018009722741788407,0.014375447453219045,0.01896711845462099,0.030340766641837547,0.01501781215835414,0.009100640642061958,0.012719397683492655,0.03387973102156264,0.017438333631416492,0.015321004651958407,0.020048338724233332,0.0306493392914597,0.01814669469763908,0.014171528146768458,0.018708580172506706,0.030270538794060654,0.017874209987183073,0.012990891080038371,0.017177372339143047,0.03041328570531329,0.018266061797638056,0.013871138198342781,0.018305774881777884,0.030353455610307757,0.01616538336491131,0.017363862368820256,0.022005707536536454,0.031946906755443344
5,0.018322431571670298,0.013219329832869001,0.01742986763543077,0.030249950830447285,0.018853494148477166,0.012638265676313045,0.01668693837406404,0.030343821056904596,0.01606594834005351,0.017238445313027328,0.021893410123926732,0.03188317586299053,0.017009838249857,0.015517422161488716,0.020268562587371135,0.03073822745728317,0.01579717630481133,0.017150712870499008,0.021875345208525764,0.03193876384653699,0.01754765367988602,0.01583120429190836,0.02061148578031248,0.03099383756143129,0.018454450030966456,0.012557593657988897,0.01662542317093215,0.030316236764062667,0.018926632393967052,0.013135219638504302,0.01734265443534077,0.03037615219097843,0.018195915805056244,0.013597503587244335,0.017909027723773827,0.030237186828333002,0.01455231653617705,0.020385149008804643,0.026372932071859794,0.03603454727537539,0.015477556319018704,0.018768356658201847,0.02357137045663513,0.03320899023134581,0.017396506366753443,0.015374559580058022,0.02013070216083676,0.030695396828661337,0.017728423292856604,0.015054667530342574,0.019750901715910766,0.030555929628400154,0.017930069314851704,0.0139432040812148,0.018402290432463064,0.030200830440662334,0.014567526270720364,0.02045306709111635,0.026458336813217298,0.036141170316171894,0.016756309068074505,0.016142889100192806,0.02085643758383072,0.03107988928663201,0.017289178591590813,0.014481266937346611,0.019114085079170406,0.030215942303511833,0.01698225230144165,0.014493745154390244,0.019152642968812476,0.030276908395182343,0.014833274497756387,0.019492464801802722,0.02459980385635216,0.03423887673826607,0.01789878004406099,0.015302263682183417,0.020053585140411383,0.030754111260683083,0.020073935187558727,0.011372115548680579,0.01496416916010974,0.03157415921280142,0.01839587151606695,0.013561224694246256,0.017924759872518504,0.030742256314953358,0.016710484509280414,0.016920130411077757,0.02172813643574254,0.03234880161000983,0.018035929966860216,0.014234272024961423,0.018789750191361042,0.030289425126324387,0.01765161216765394,0.014312903588351434,0.01889383211008135,0.03023048477687768,0.014943403621121978,0.009108822711758448,0.012753392327482072,0.03424441795435024,0.017347418995970643,0.015278906464373587,0.019994614671534412,0.030596199726561062,0.01803627700532881,0.014146616120215042,0.01867747378042144,0.030219948246636007,0.017745910860409508,0.012946853244094903,0.017127587455876114,0.030366294163023316,0.018157002789199177,0.013838416777786206,0.01826480540790449,0.030306082899946733,0.01607387927923985,0.017356582345010228,0.021987605993556692,0.03192163847122215
6,0.01834576085452308,0.013374471038362472,0.017724996535335234,0.03132322523386569,0.018762594750017642,0.012810227781881225,0.01697963059958218,0.03139671241597073,0.01597805088782545,0.01754819076837557,0.022317183935432607,0.03314209317720856,0.016903084761188517,0.015601828117867467,0.02047295865060424,0.031768327208812994,0.015654356956169204,0.017453701168559,0.022295240224212417,0.03318757077640956,0.01748495917030223,0.016091610973415115,0.021005447152289067,0.032180092394659486,0.0185512777410215,0.012662181916149729,0.01683984301235613,0.031356639243809124,0.01887706203036555,0.01325174829093576,0.017586813816601102,0.03139115049619447,0.018144699099433507,0.01365565483263739,0.018074346559179288,0.031243698623163913,0.014630141756633673,0.02050616562210954,0.026637247321117472,0.03717775480473445,0.015471355097825042,0.018966337087713517,0.023931760557050655,0.03439847610253322,0.017302837744244903,0.015609938873676916,0.020487222402713775,0.03176127955464331,0.01764410184450606,0.015250349731452218,0.02007322984744457,0.031602519938602164,0.01784170524843638,0.014086085617297236,0.01867712303558479,0.031119697447378292,0.014685599566788334,0.020662878495023466,0.026917213546215367,0.03754225032951221,0.016772305036579744,0.01624409979215461,0.02108122934619951,0.03213098469927507,0.017311648221571847,0.014811290642321628,0.019619545629997126,0.03135460020184043,0.017121228751176675,0.014635833956166074,0.01943107198256753,0.031443659099627576,0.014866573418260963,0.019702924503185674,0.024996689674854845,0.035541410339014805,0.017875271051330778,0.015454370304863432,0.020343730776947018,0.031943055042511305,0.020255683787393695,0.011523965340640966,0.015261381042692725,0.03272105511038479,0.01833185878592233,0.013774605581124044,0.018277928133742023,0.03148946407343962,0.01651786744647432,0.017148589615225886,0.021994364612790907,0.03297092095582813,0.018021324365833,0.014283223157899587,0.018953842777220238,0.031407658105372216,0.01698466044088052,0.014351738785884721,0.019124467226452432,0.031464424887724794,0.015023419634091742,0.009151028260087641,0.012796287383668597,0.03451164054380054,0.017364718795937498,0.015414515767995312,0.02025399628274135,0.03168398260894694,0.018078063594970075,0.014245298867695133,0.01889807401989363,0.03129403552248549,0.017766015020843514,0.013025694535912988,0.017316951078542267,0.031479628938086694,0.018198395967168848,0.013920581143299804,0.01846070916648351,0.031377335630450844,0.016133703747997122,0.01744332510588564,0.022207389183440743,0.03300736970327033
7,0.01831106416687701,0.01357039753321116,0.01800720998063914,0.03160589095358592,0.018758840418525206,0.01298323997602845,0.01721183923398596,0.03164580341085188,0.015871135781817786,0.017899775149032526,0.022716460251457727,0.03370840781751357,0.016821723532492262,0.01572797701206499,0.020632398438461565,0.03208766034413418,0.01542994253547029,0.01772671889875529,0.022617005863555105,0.03370246736108913,0.01737447013201418,0.016096890325082186,0.021040118283737815,0.032447160467122406,0.018475175609102935,0.012769626695279986,0.017017199385110957,0.031668664167574335,0.018414100266571115,0.013345774705684892,0.017743762694157967,0.03159828081169465,0.01796817298911402,0.013817539533499854,0.018312248022640136,0.03146603604364941,0.014774513456759448,0.020775001756947256,0.027195562060029734,0.037910393264888834,0.015242963925837062,0.01938745212887773,0.02451679112607025,0.0351316193424462,0.016751236106556374,0.01597914200627137,0.020889763374446424,0.03218957919725153,0.017451394279862278,0.015658828642137107,0.02053182731687775,0.03202895440631661,0.017481381128992297,0.014412882202410934,0.019142865535233918,0.031542649078906554,0.014797556589974743,0.020884093844963716,0.027373335583401846,0.03821506829760063,0.0165804284188463,0.016559030344977535,0.021419867569556415,0.0326080827886069,0.017190927642265656,0.01508126552846633,0.01993480068011848,0.03174908274267509,0.017154811556485794,0.014696688114285702,0.019513019879359394,0.03165628467112229,0.014842139972332755,0.0199889238638998,0.025463434726680268,0.036149413187182296,0.01774696409947503,0.015672957576205557,0.02058201264629406,0.0321743624502891,0.020373772446407857,0.011670955249108158,0.015469214489895898,0.03285132285843681,0.01821701931754505,0.013928286352649677,0.01848755359563998,0.031539881252568076,0.01639100595321032,0.01729675939667045,0.02214484059638068,0.03315451531066494,0.018101941199558547,0.014372676488714719,0.019079430092111556,0.03161961042163101,0.01692875253632718,0.014410759716753646,0.019211912353243862,0.031610139666243,0.015399742230612207,0.009277583864331038,0.012897646405249737,0.03441239253308674,0.01727052824817341,0.01559608095894303,0.02046842220412942,0.03202986763428249,0.018104808076149607,0.014316653816024375,0.019005819511951128,0.03157779323562425,0.01784756212736312,0.013101972040782265,0.017424981411586583,0.031772659640969154,0.01824597395908513,0.013964374658444908,0.018531587865329244,0.03165364058414336,0.016078809644882827,0.01753379259129705,0.022328090026558528,0.033319237061762874
8,0.01805297953600687,0.0137736957740264,0.018298222424098343,0.03165947957827243,0.018486791577982054,0.01317941339883819,0.017469762805329744,0.031719607762486855,0.015675247788898634,0.01812686694292566,0.022969427017172344,0.03399219804120824,0.016806736777384066,0.01577879711330026,0.02069627759871019,0.032189826869885634,0.015357218352528058,0.01767901632181691,0.02257949414584524,0.03371430426021066,0.01716416082406668,0.01609561391776479,0.021045506190825534,0.03248920209094856,0.018319905233066047,0.012820599958391805,0.01708844598587088,0.03172029499309677,0.018276122374329636,0.013390434690542699,0.017805142277925876,0.03165706997681771,0.017609494114482423,0.014199441730310496,0.018842364954338945,0.03161932440595191,0.015014615744755197,0.021157605279152787,0.028039324198020996,0.038791022703338486,0.015151823518239274,0.020116151243131944,0.02563522113399757,0.03638706859146618,0.016069479915267092,0.016333678840394994,0.02125428390251797,0.03255350980476516,0.017030702448672726,0.01607241410192799,0.020995036211786482,0.03244211091888728,0.016696883730500246,0.014674668027155197,0.01956388894708401,0.03173426776928625,0.014859124553040042,0.02091733724787585,0.027417730886241953,0.03829730607566791,0.016262614432003657,0.016957479237662207,0.02181162721609325,0.032928671229279276,0.01686167066311791,0.015494057587643209,0.020375411092197187,0.03197467083096992,0.0168393038520937,0.014875396467984591,0.019744072721607806,0.03175419881858604,0.015055611303199936,0.021035404662778017,0.02783462795544327,0.03877737796989789,0.01763436900712635,0.015885129475434266,0.020810965030976986,0.03233304559377662,0.020513269165141155,0.011885992688711886,0.01579158602101275,0.03290194820027193,0.01794791245513956,0.014215700268952731,0.018878841371593777,0.03155082754925265,0.01647150755765117,0.017016527168192817,0.02188649541100708,0.03295102998250659,0.018064707182103408,0.014626109572920803,0.01940606954911707,0.03171657640335892,0.016842827911435508,0.01456943178011654,0.019406022391398853,0.03166496632271956,0.015622109559036293,0.009343809822712917,0.012946216668397384,0.03432230456347112,0.01717795885245662,0.015688334077693846,0.020569888530968347,0.03211583337617214,0.018053705483406325,0.014332741168538764,0.019026106068111007,0.031598358057433905,0.01792817283066776,0.01312001592152632,0.017441504521227176,0.03181459996090499,0.018253874783368658,0.013925297614408784,0.01847596887011133,0.03168463718301084,0.015996261272087035,0.01757242478192042,0.022375813602996647,0.0333738273962004
9,0.0184325944167239,0.014107018106453503,0.01873470360092098,0.03178735893457042,0.019123455499840226,0.013644132787667516,0.018057639306368424,0.0319710895784807,0.015713359578804705,0.01851346964637963,0.02341641161279727,0.0344115273593154,0.016988750310079747,0.01583211638132094,0.02077914712948903,0.032264511912803585,0.01564519772209345,0.017849910015209674,0.022812389650080155,0.03392305468569443,0.017979263481769918,0.016492763234924386,0.021465653196020566,0.03282955153295077,0.019282991604201313,0.01298198496774751,0.01724319320908891,0.03189611226853881,0.019374421879177255,0.013624565592866891,0.01808033685676446,0.03198695380419395,0.01898178469255934,0.015124546792895887,0.020017844451875037,0.032252607819337094,0.014931172428943526,0.02154651853988567,0.028971103148016764,0.03976416994861118,0.014967053545238411,0.02074912564203254,0.027008365099090974,0.03769295284470417,0.01725869247286393,0.016969558383374526,0.02194588971872698,0.03312913355201043,0.017788913616729976,0.016734606188309253,0.02168607803385686,0.032949954208520225,0.01828285571763808,0.015617647736721089,0.020564912335275933,0.03226758218815334,0.014765731690290326,0.02108003989223594,0.02778802890407938,0.038669294997486385,0.01628496769646362,0.017252611483994165,0.022119959659926806,0.03318168501056187,0.01743614100527895,0.016112503590326663,0.021039946904816833,0.032412815134883484,0.017979231246187055,0.015381463633312716,0.020289390838449762,0.03204794053994442,0.015600996027112136,0.02213261280040993,0.030512593169291058,0.0417729267727056,0.017790371329491194,0.016130881140636447,0.021085747123743503,0.032523228054353884,0.02058783264191354,0.01221083716115785,0.016199692670546023,0.03323669583987708,0.017704360529007257,0.014320010784419827,0.01903135512214451,0.03155314916322507,0.016469654980045243,0.017382853301328285,0.022269281011206548,0.03327094232918306,0.01823096877596186,0.014818300438011255,0.019649661323954997,0.0318358680542433,0.016914998108772422,0.01506141684525854,0.01994681083751377,0.0318173295909662,0.016086257011264444,0.009518116630431766,0.013079995813217735,0.03414280365739867,0.017038800572959336,0.01590687658084218,0.020813384582358013,0.032260665572410585,0.018146993293828774,0.01441783628609874,0.01914345384124291,0.03165938035590028,0.0180640982422004,0.013167102066795597,0.017492047861363155,0.031856048704268086,0.018367816411999617,0.013991781877011387,0.018567202930179903,0.031748044804961295,0.016155854104437428,0.017661920555992403,0.022502382340228784,0.03348314240907485
10,0.019359982411355548,0.014495862665384067,0.019223587115218307,0.03212282630449052,0.019619507840245735,0.01384973728669026,0.018319914408728433,0.03213372539167783,0.015731770014421498,0.019171761587668232,0.024255107330899226,0.03512520790343002,0.018188838672359438,0.01638827712148702,0.02140595938785762,0.03276699510756185,0.01586663454329581,0.01829844943446805,0.023385184643939894,0.034419161287093686,0.018187767591667136,0.016762573942068166,0.021798704850806646,0.03309348472999434,0.01942644798588059,0.013027586020419696,0.01729607442584695,0.03193518204274282,0.019474360844458877,0.013648891784487631,0.01810953229620069,0.03199798978729328,0.018776510300370457,0.015813107814650576,0.020795998839435257,0.032548601545763674,0.014976863621202438,0.02186426338995767,0.029663794773321192,0.04046438239209351,0.014958751107069023,0.02106715518668692,0.027707039842667886,0.038390893867339036,0.017650216778100275,0.017287109634526017,0.02233300825065778,0.033448999485174984,0.01786627739994294,0.017044931861101963,0.0220400779030309,0.03321014176144612,0.01868122981019056,0.016023848821687402,0.02104093286391641,0.032610168553825376,0.014643775385201029,0.021241199986153373,0.028108348746354667,0.03897600464453173,0.016593605666935733,0.018234182932066564,0.0232670973504035,0.03415368694917458,0.018284001089970067,0.016695357135618157,0.021704422516306013,0.03295251674604801,0.01862233899338469,0.015747073847681918,0.020725506707726354,0.03240825363667713,0.015703460061635158,0.022504513653517327,0.03159956722706345,0.04291195824276954,0.018187318640604418,0.016363640798593405,0.021358693090649607,0.032744570615803235,0.020593788599427905,0.012384911213001242,0.01641091688311873,0.03332585422361199,0.0191285335844185,0.014878487016582424,0.019720396031203038,0.032101540553705565,0.016904334817215913,0.017830910332806635,0.022809344005807326,0.03371551446402628,0.018817916624860657,0.015504691807082173,0.02046158217010819,0.03230569356308689,0.017906814867448242,0.015385176195896194,0.0203028168360489,0.032031847663459546,0.016469401617003398,0.009553974028199852,0.013107031198842442,0.03408436531297108,0.018127574446980405,0.016297800464905275,0.021263152359593498,0.032640648895652866,0.018477452288887416,0.014510796225405178,0.019268686507334182,0.03177298037341411,0.018659040644274795,0.013170179745611871,0.017457581737511517,0.03181690576839529,0.01908021453178997,0.014200305998189338,0.018815006337045734,0.0320225272396135,0.01635651751482651,0.01773969779024082,0.02261740670001866,0.03358631924646436
11,0.01935611425973944,0.014620012108203297,0.01938228098622257,0.03215587221985575,0.01947423122263805,0.013887736540060836,0.018371696991265885,0.032130952354929174,0.015505016856148158,0.019366678505914812,0.024487772587693274,0.035313773760867445,0.0181194495388972,0.016393307608081494,0.021399922779842744,0.032755196788385454,0.015772814818146266,0.018369883637391306,0.023454014553680624,0.03448395439042866,0.01826131973436224,0.01662941938400255,0.021657866436083327,0.03301148148253334,0.019582467588213144,0.013046916897259776,0.01732664889239425,0.031946736301332795,0.019479038985728243,0.013644063451938658,0.018106025662219687,0.031986909630231534,0.018724916791328504,0.016135454890403106,0.021149049724540642,0.032719663183834506,0.01506203374292661,0.022074581816953813,0.030219667502362987,0.041037999296744815,0.01490385928860958,0.021156646524017827,0.027940407291612034,0.038621071935054214,0.01747136786191512,0.01740024087632219,0.022429914225873555,0.03351532585903723,0.017598867203203288,0.01726961938444386,0.022259419127085164,0.03335654427824734,0.018617498575764058,0.01620450179793196,0.021239559727338913,0.032726197249613155,0.014602090969679425,0.021276813501065736,0.028219810356306326,0.03908563452382669,0.01637398258871287,0.01841143161533892,0.023456372638876812,0.03432353617748177,0.01821418563600264,0.016856874179016695,0.021867430841830033,0.03306662470613497,0.01857750024648163,0.016162052506032195,0.02118024732140763,0.03265803271903623,0.01575361026154842,0.02261282682654385,0.032094645201656745,0.04345924306211355,0.018090619945974117,0.01640674717435727,0.021400572256843463,0.03275248281318961,0.020581832491886214,0.012413989687382197,0.016451289117173053,0.03328969676625852,0.019194740352024797,0.014805780441713984,0.01961782852457672,0.03209835707609169,0.016572775856587636,0.018201703015678757,0.023214259298073813,0.03406535368532665,0.018855560001450188,0.0156949171431598,0.020672571802321862,0.032419177510204775,0.018261063402056295,0.01559347576008157,0.02052989465330517,0.03221218140739496,0.01716314770093702,0.00961024800265085,0.013174576195800381,0.034285878576743666,0.01821631440527704,0.01637588190923545,0.021339822941749433,0.03270746705337865,0.019029412624390785,0.014698429977807953,0.019486368866276565,0.03200429058237578,0.019488376508830164,0.01336206217224277,0.01766566236215593,0.032029466335318946,0.01918876027977038,0.014233451069661413,0.01885443185373159,0.032060621757808744,0.01642689828157613,0.017744496810199233,0.02263040888044476,0.03359776125345989
12,0.01923660155412608,0.01445261428627242,0.01915676802605237,0.03211789229598215,0.01958721604673934,0.01365297066569498,0.01804510698618412,0.032114567095017255,0.015731563206721703,0.019006881417110332,0.02402965564016723,0.03492207784432079,0.018017488707594155,0.01636614409648914,0.021355279755170323,0.032726644719926916,0.01574166420087026,0.018386415289914096,0.023456741650909132,0.034493132555931436,0.018326782916404723,0.01649050102448884,0.02151243423683754,0.032938525087310516,0.019662832752992573,0.013086279114333688,0.01737967773054417,0.03198384030422896,0.01951040213593537,0.01365476923749839,0.01812048521313432,0.03202192611919506,0.01875024708331355,0.015926633236261385,0.020918157172060876,0.03261968180856495,0.014956397254410173,0.021945944560231204,0.02992058786753023,0.04081464420018822,0.014827369999208032,0.02069416415529482,0.026842756014760032,0.03751187919105266,0.017411655138911672,0.017350687483564147,0.02236447131848508,0.03347345588600026,0.017712124843455516,0.01711882771236966,0.02210125436140667,0.03326138160014537,0.01866900351280027,0.016163460469573943,0.02119172888385526,0.03271929663293966,0.014473911284316864,0.021237236691974994,0.02816996688299611,0.0390227203880027,0.01610069777138158,0.018681684708717724,0.02373585647294435,0.0345973979369334,0.018359821394582136,0.016723550045411643,0.021736346379610114,0.033006154853959024,0.018852353752269114,0.015833160263984947,0.020821330327924315,0.03252871695727082,0.015145998842909014,0.021854014020154355,0.029779417017642418,0.04100339136762278,0.01809847563106186,0.016317513189070237,0.02130383174224825,0.03271255661442545,0.02056853042590827,0.012387666291531211,0.016412306951793073,0.03336800858840982,0.019249787850142985,0.014826920900709504,0.01963898654516931,0.03213709017679069,0.0163461302014763,0.018425318389059527,0.023451607529418637,0.034280279956922385,0.018700180725354086,0.015719235656071955,0.020697776094176012,0.03243010872727158,0.018520265024708504,0.015530400591016404,0.020459108637725616,0.03226003440107995,0.017196376618720376,0.009599963107938205,0.013181257163995791,0.034461572373931514,0.018233115719781944,0.0163480295989865,0.021306539008973127,0.03270225637893427,0.0189957688111561,0.014722487472282266,0.019516651302053427,0.03202883926054697,0.01953230897569659,0.013386393598493218,0.017694097363547486,0.03205906627802619,0.019203012953710363,0.01423465376621582,0.018854140067036264,0.032071780753425455,0.0167635352815296,0.017944376438137732,0.022886507434187905,0.03380919422902147
13,0.019282261791698355,0.0143621438329139,0.019031716567393563,0.0321316825699869,0.019609628899925596,0.013637530695910468,0.018023850796698243,0.03212539816571205,0.015941682461540225,0.0187524645576829,0.02372450535708928,0.03466573586518616,0.018127521743221443,0.01619705820531537,0.021181468078753946,0.03264435459152755,0.015994564987547037,0.018157094034740286,0.023196847373852372,0.03426086927454136,0.018288553401741875,0.016557596937215122,0.021579401338095546,0.03298795138443592,0.01970981432846565,0.01304434009768097,0.017320421054829168,0.03200895391997507,0.019484201393918207,0.013617851119355626,0.018069899183198616,0.03203324976338392,0.018967782487864553,0.015632450370889183,0.02060140040971107,0.032524318358080416,0.014661646027840881,0.021457713897710822,0.02878197013086196,0.039664420884093686,0.01481422400832052,0.020679377574164284,0.026803750255782993,0.03746007372803572,0.01768594167270046,0.017123714859247952,0.022144382122047456,0.03332396073218632,0.018020795580704137,0.01674213891544298,0.021723474185896298,0.0330284200330809,0.018918357047797606,0.015802959174458158,0.02079480183884331,0.03255100670898688,0.014489711367378295,0.021183147679861004,0.028024714379538452,0.038897279844496355,0.016190992886902223,0.018603343692184023,0.023648657647429294,0.03452497407157128,0.018551859354712395,0.016504240060560338,0.02151556287117364,0.03289528706949662,0.018909945141259474,0.015778652042884353,0.02075313101147282,0.03251974261318228,0.014873615501420715,0.021635605458868917,0.02930227407356963,0.040447245190360324,0.018238349284717646,0.01620632866874386,0.021197345335271112,0.032676092402431675,0.020525111561390225,0.01226362170507142,0.016250133963945184,0.03342025486352793,0.019274401899788372,0.014867105364975286,0.01968970557322034,0.032173348215632086,0.016744974809784714,0.018081204331742963,0.023082037427142824,0.03394760272824679,0.018713304978248826,0.015671298823356203,0.020647845857553387,0.032412596445155276,0.018757263660613175,0.01559222312564285,0.02052967033830603,0.03235770385748923,0.017171148436015155,0.009553990616448061,0.013161055935290046,0.034670221065459944,0.018293608282161596,0.01627269462407136,0.021227402618527964,0.0326713211654607,0.018821429272396408,0.014607826741550775,0.01937640795913847,0.03194462590198039,0.019717110681136952,0.013397773114041762,0.017707476038493312,0.0320822926456851,0.01918359387636698,0.01425022392496211,0.01887511606074227,0.03208482447520466,0.01679882938544667,0.01803714434034002,0.022991524266944455,0.03390212169709905
14,0.01932563973281317,0.014394390520786476,0.019071471803136838,0.0321565938393952,0.01959812309731862,0.013770144342348143,0.018203832796176326,0.03215608238134989,0.015686225499928368,0.019110165542924402,0.024157155572847953,0.03504193514860171,0.018205119513461845,0.01638217436504702,0.021384561462228648,0.03279536432333643,0.016017463125779004,0.018163600923708598,0.02321766628997674,0.034274530056616556,0.018261122569040916,0.016661593038248868,0.021697033439010308,0.03306233204080328,0.01974023085441548,0.013079977888882642,0.017365437287790213,0.032032924630190064,0.01950159952326507,0.01365658103633776,0.018120425489729156,0.03205434759008268,0.01891776596918831,0.01573628548178202,0.020717510903327362,0.032577583361484384,0.014845652139269137,0.021762271663461025,0.02947362456084788,0.04040716342133771,0.014802475888948587,0.020866558789077515,0.027235903998617937,0.03788895818021444,0.017703204299307305,0.01717678066164074,0.022204402263696937,0.033373005200442084,0.01806942978594358,0.01668383576941905,0.021671834073302695,0.033001273020088484,0.01891634621443841,0.01587579871296781,0.020877438285090442,0.03259948039838185,0.014501595811526703,0.021263084952328083,0.028210776812634238,0.03906877777019032,0.016661274714846987,0.01822820337724472,0.02326226993752852,0.034169411551438655,0.01853521291222824,0.016556273178377708,0.021568918250075512,0.0329328620821916,0.01892403016931298,0.015814823140299614,0.020794701015580522,0.03255125268861214,0.015398200746133316,0.02226029564148613,0.030895504439573694,0.042344663828035714,0.018241583470248377,0.016248611476795103,0.02124279930504664,0.03270656897682606,0.020557562212182107,0.012285637742732745,0.01627192153820518,0.033505888153604425,0.01926796983061294,0.014944532409838103,0.01979034123669086,0.03221314793892278,0.016655200216880044,0.018180063884256057,0.023196589888213374,0.03404382173130629,0.018669643457014235,0.015510625055020018,0.02046853062126037,0.03231334409620446,0.018782251189013666,0.01571668156283897,0.020661307308481158,0.0324312751142466,0.017245836822501342,0.009568588084992165,0.01318031137326612,0.03474151167127624,0.01833422590553331,0.016312492760423607,0.021276916936948498,0.032715829025979526,0.01885203764492864,0.014604152158615834,0.019369642226397178,0.03196238056184566,0.019771011548803716,0.013406547306623233,0.017716635002010046,0.032107768070637935,0.01919041433793994,0.014272063525043593,0.018903378342567285,0.03210314364568454,0.01678457512210808,0.018039331347800763,0.02299288196647397,0.033903304676663096
15,0.019283807157734128,0.014372319949500917,0.01904542374898444,0.03211246077832912,0.019570558444174158,0.013695828275463763,0.018105438763142887,0.03211232978523171,0.01562888376021151,0.019150489180593512,0.024205032100238864,0.03507605319164328,0.018194833933567925,0.016383892639452072,0.021380213919317877,0.03278343474993278,0.015889170271786324,0.01821949570580045,0.023270564350413164,0.03431970130015073,0.018164531198544328,0.01679155787098617,0.021823847752263877,0.03312696409727418,0.01964708580130338,0.013062497122237813,0.017348074083644888,0.03198451072422048,0.019401857674529947,0.013633794705980478,0.018094812405064612,0.03199937273991632,0.01885503442379256,0.015608811045706448,0.02057676990481352,0.03247509202663596,0.014864654050033907,0.02178882697063986,0.029560711442957344,0.04049845394137882,0.01481482472109756,0.02081786925694268,0.02713624295931612,0.03779650676987524,0.017635283406005356,0.01716314837668576,0.022177715365225854,0.03334301557357188,0.01799812962813226,0.016795712445272032,0.021775210505206002,0.033056440023405326,0.018804976049518165,0.015872440015030742,0.020869491742236054,0.0325609303701137,0.014633871659893131,0.02122634826718558,0.028114221466715744,0.038992783033433794,0.016517967855442506,0.018317601853641143,0.023346078040405293,0.03423683340098285,0.018405680272311122,0.016632125619054194,0.02163092750437142,0.032945552633663985,0.018942401108219327,0.015645530034012953,0.020606290677433855,0.032447191957479984,0.015608867968475413,0.022448038425142938,0.0315688206579258,0.043037916102623155,0.018150245205317002,0.016288668711885248,0.02127102539531695,0.03270258161924207,0.020574488424779724,0.012301668795604317,0.016299916928271055,0.03341658872285513,0.01917711314631323,0.014904826543101417,0.019742103958298417,0.032157078702633124,0.016468294503280266,0.01829632593497128,0.02330381691918368,0.034141883758056574,0.018434892526221776,0.015327618456266151,0.02025638656260095,0.032148491848606964,0.01870048810586573,0.01573151865856447,0.020669710803203453,0.03241118096642567,0.017208310910882738,0.009563597427055275,0.013168420733781827,0.03466057337951799,0.018245461212391994,0.016280171167680834,0.02123306841293996,0.032670206319010645,0.0187452062200131,0.014555628876985513,0.01930875450362694,0.031904373385053135,0.019727634519937632,0.01338555838631374,0.017689619995589316,0.03210537281724834,0.019100558831277682,0.01424959669488199,0.01887636869982048,0.032069490725799746,0.01667202922540366,0.018055771440187503,0.0229942906058504,0.03390420388414961
16,0.019269423919971215,0.014404227481970162,0.019094032375909797,0.03207595791273786,0.019548896685071017,0.013713727801856285,0.01813397702776735,0.03209067656616253,0.015546023991671976,0.019251362990099354,0.024334487879401425,0.03518226279813001,0.018207969929110324,0.01636859811634171,0.02136434140040751,0.032760741041521796,0.015703703953604497,0.018329077318551462,0.023395657997109423,0.034432137180654764,0.018124120383263113,0.016899491665448164,0.021942254373138795,0.03319476897920964,0.019587642897769018,0.013035744534095289,0.017318423943722534,0.031932704461490234,0.019369668605668133,0.013637183871899598,0.018105805035078353,0.031950344315659504,0.018860385261471574,0.015596386879418217,0.020560576693907883,0.03245528376451586,0.01491573989567718,0.021791371497131572,0.029571950456268713,0.04048046069635748,0.014862606992594707,0.02080248392393521,0.02709858323766708,0.03777316056104572,0.01757408075333207,0.017242307189051998,0.022252372135469354,0.03339149685501709,0.017954759541364298,0.016917246031663936,0.021896692985621136,0.0331308582304634,0.018754288989140624,0.0158740012023517,0.020870959227246137,0.032534795422384154,0.014733168357601086,0.021365311833053614,0.0284473697374008,0.0393238269795503,0.01650106471393562,0.018320754459419795,0.0233483941012341,0.03423400167824996,0.018297184918333213,0.016752468827533236,0.02174519583768476,0.033001343289307136,0.018863893422912992,0.015788505979561017,0.020760959309149254,0.03249351703036426,0.015692201825081152,0.022489357956501907,0.03177736814954362,0.04321697869345998,0.018152770782454343,0.0163053304849729,0.02128737151505631,0.032709164976542894,0.020589154584433954,0.012359826940068817,0.01638015407628199,0.03333981222057759,0.01911717202330759,0.014926705693117914,0.01977706498853992,0.03212381387890063,0.016431570358525268,0.018297152150297646,0.023296507596399244,0.034138280148235556,0.018395267977680492,0.01535243324327905,0.02028068260040118,0.03214088100918371,0.018659584342300667,0.015755349352812004,0.020692421562901048,0.03240978760573215,0.01728973992612076,0.009569196618585202,0.013169466320838317,0.03462127670932922,0.01824172162911461,0.016268303428689915,0.021216403409131803,0.032646791444281856,0.018682352816251944,0.014521695011102956,0.01926824050622572,0.03185936128171677,0.019674451088267816,0.013319554438644146,0.01760935904641416,0.03207202518980359,0.019059315295035992,0.014223989646837189,0.018844862036480264,0.03204272163852381,0.016590023823645494,0.018080597614177987,0.023013074158568035,0.033918856737181216
17,0.019222639197923982,0.014554727052700027,0.019306593530273624,0.032111213101408784,0.019495906960088155,0.013818908572679712,0.018282398411310765,0.03211135853375508,0.015366630232579892,0.01961207499763059,0.024794423717964083,0.03561109688667918,0.018147390501727034,0.016467026510186018,0.021485889021282338,0.0328433244314427,0.015427438904680513,0.018546307946390287,0.023644040351479545,0.034692774509506114,0.017864068243434013,0.017055575038740882,0.02209887589549184,0.033279661724405774,0.01932592491642431,0.013048637673847467,0.017330122445608134,0.03188752767138904,0.018822839403144876,0.013673197479677107,0.018167100053865723,0.03181531964155681,0.018809185853693094,0.015778405461754054,0.0207695270891155,0.032546027580040694,0.015070591347517839,0.021931138730924907,0.02984027464551979,0.0406831439532299,0.014928840129951713,0.020764386382914845,0.026991909412837273,0.037678471036371314,0.01739107565727765,0.017459177258536303,0.022479092271291665,0.03356243270327818,0.01782202619313353,0.017226286366346797,0.02222613249623749,0.033358009061982594,0.018573425802585863,0.01616836713484316,0.021200115889414492,0.032696382869200874,0.014847234656474556,0.02148068180111813,0.028681612806120152,0.0395368049466758,0.01667468088275131,0.01817480972496825,0.02320428910946892,0.03410451356859171,0.01806597902317557,0.01703719734120998,0.02204355964100205,0.033190334204105096,0.018702616348127258,0.016171858191210177,0.02118983484329978,0.03270277228692024,0.015859395162630914,0.022633828885648827,0.03238983048576271,0.04385316937689263,0.01810635867135937,0.01651773854249335,0.021520864783512842,0.03284800919867283,0.02065835173060736,0.012560283113679953,0.016627687128406548,0.033339535508193525,0.01907027159941069,0.01506662825318579,0.019965674387241162,0.03217941896381458,0.01628068239646533,0.01847035628589036,0.023501390637148106,0.03432279188130017,0.01857170781272583,0.015323041299594472,0.020254025709360152,0.03216806252483412,0.01867810678738235,0.015867322029327127,0.02081718811966999,0.03247780636999335,0.017595093787528382,0.009659101600452072,0.013241595541804246,0.03455805188548467,0.018244663980901233,0.016397154337702495,0.021361444215091365,0.03273792525654443,0.018929036519733444,0.014690426454410502,0.01947775281099502,0.032000661562494134,0.019684353940096995,0.013371505982122642,0.017673324797004803,0.032080953854419496,0.019106780727237937,0.014283995163664543,0.018924177238480486,0.032058837360630685,0.01655483099802589,0.0181190160743846,0.023069756102592574,0.03396302562893352
18,0.017628819479875907,0.014241448270714979,0.01896175680148225,0.031669562123387944,0.01844269113671913,0.013557936448343525,0.01797736460906027,0.031802283605258386,0.01544411220015083,0.019416215484000608,0.02455947341792234,0.03543147862714972,0.01771926211260829,0.016423003135522505,0.02142329318777008,0.03274896652515025,0.01535158445063132,0.018457782579133285,0.023538875260728655,0.03462010032335187,0.016467523902149516,0.016287896868713566,0.02126503722734433,0.03260084157199014,0.018237115513259405,0.012990616406676656,0.017307601608244138,0.031728241537028155,0.01729865425334134,0.0134363266984346,0.01794238361820345,0.03168737651445957,0.018092474409351685,0.015591102515158814,0.020544488108671245,0.0322624537073308,0.015205354515488106,0.021855520480111242,0.029735969255134036,0.04040824530413277,0.01500521223549558,0.020546083612550926,0.026518855331739408,0.03722478370329195,0.016978321245790115,0.01749645288908599,0.022474967898098067,0.03353993467442447,0.01727830815035841,0.017696798734176657,0.02268583804068032,0.03367996744505139,0.018283605243317992,0.01607837686554046,0.02110896579067973,0.03267099081947277,0.015047904570561784,0.02153661365520452,0.028851259707242092,0.03965738147472111,0.01635143368080195,0.018417330139178883,0.023429322040687844,0.03432533866331511,0.01754962486211558,0.017446665259723743,0.022435107258111955,0.033449872131255706,0.018419981161815965,0.016522375645862963,0.021556818901583754,0.032877173773999846,0.01575042122340072,0.022445092238400192,0.03157837697574915,0.0429419358261486,0.018082875225914886,0.01661621125270861,0.021631405494415255,0.03291679038133062,0.020689146430031242,0.01272434062869428,0.01682621109243088,0.03334240965378009,0.019063732488261063,0.014946400124913625,0.019813709351433496,0.032125423192396946,0.01595280281798176,0.018820053517539664,0.02385397751603994,0.03467503289162194,0.018515728216934507,0.015564824955538714,0.020525868406193186,0.0322835691873988,0.01861629680530959,0.01599558246887783,0.020962826764423226,0.03254686298426913,0.01786642629656781,0.009766440810071612,0.013325547366901268,0.03443731980200636,0.018080850363492103,0.016455386333559283,0.021423008114873757,0.03275396448362167,0.018888398277319914,0.014763360587455974,0.01957812069678889,0.03201849620091769,0.019653663742474896,0.013405405244010965,0.017716188081992056,0.032073422145741604,0.019045710923747287,0.014296428232489588,0.018945176304720895,0.0320301332405824,0.016472839122697435,0.018134229656555964,0.023088335768093243,0.03397397119589386
19,0.016184224196934126,0.013942915581696256,0.01868661529696815,0.031509609596537765,0.01747440783493483,0.013312367304532835,0.017724393439468106,0.0317516475916651,0.015110603946483062,0.0187257767766851,0.023654366610068613,0.03463942612066422,0.01651341047628957,0.01604127597708054,0.020987839960931783,0.03236844985204854,0.014770735063488244,0.01811782043017978,0.023104507854660172,0.03424518244514034,0.01650678010212876,0.01623902199314273,0.02119739018268973,0.03254339621857527,0.01790304925778356,0.012944385458283579,0.017259013256526488,0.031764647258129525,0.017306385391637223,0.013434859687507537,0.01793929867024333,0.03169988293638257,0.016956809932900926,0.015270483007505086,0.02017110512154258,0.031961728592217666,0.015343615348630376,0.021736082699079888,0.029558314138674664,0.04017125622601874,0.015165431507318456,0.02022596021373762,0.025838076296944987,0.03660892023906351,0.015393717451822657,0.01707827583805913,0.021991027665067473,0.03316422284816318,0.01640672139721666,0.01741113089857048,0.02232289134394557,0.03338075296597506,0.016340267727407893,0.015464679756717892,0.02042668244572079,0.0320964206840881,0.015059450760343877,0.021196284512533727,0.028065245213079595,0.03884865106679144,0.015058474624698736,0.01844034507133344,0.023319410002862192,0.03431750903302808,0.015755251784243147,0.01653294909973572,0.021438093254422638,0.03262330631106974,0.017133836468505838,0.015783537582218534,0.020714642519961284,0.03220580461395023,0.016306880400714305,0.022574382951287032,0.032857101933696294,0.0441548257636479,0.017473367310904257,0.01646692707069778,0.021455169890636297,0.03271947895241782,0.02096331514644988,0.01287786319152105,0.017120710210613177,0.03469611903766315,0.01715153310496151,0.014218997194456594,0.018974493954477437,0.03161478381745227,0.015564662882299338,0.019002195153502915,0.024033707199716474,0.03483902656904542,0.0180260226611579,0.01551708629204916,0.020454374450734336,0.03212326736928687,0.018364793385089354,0.01609084483271197,0.021067518193403214,0.032527080957347854,0.017919680665584237,0.009815755887798793,0.013368898720322627,0.03444564488653165,0.01694755822560835,0.01615764375217202,0.021062747719086915,0.03241353735470567,0.018394258525025128,0.014642326083930087,0.019424587421365606,0.03182623273011046,0.019527932650754375,0.013424417754384875,0.017740043592489037,0.03205110500214656,0.017977446350737898,0.01400245241056526,0.018591428179216624,0.031726735108592925,0.016086781455541255,0.018096265653809222,0.02299209274235469,0.03388366478896687
20,0.016754704880770393,0.01405155581034293,0.01880153643526745,0.03165837329008024,0.01742264446807168,0.013214230803382014,0.01759453572055705,0.03168964581527565,0.015194854061254344,0.018594589481125096,0.023483341789542898,0.03449806339865744,0.016805420202153806,0.01599597001891534,0.02093299800436846,0.03233721950086417,0.014764683890769242,0.017877409136944074,0.02282708884793188,0.03399451006092183,0.016672180975195332,0.016081413817366406,0.02103027903489729,0.032440985765425874,0.017809388345049436,0.012876857402045966,0.017183349642680992,0.031712857028313175,0.01725968410279348,0.013368614827709997,0.01785403348135715,0.03165665515645235,0.01666899811291875,0.01511892357952921,0.020030334709908414,0.03194473500696528,0.015283875620052139,0.021626779040277558,0.029293603295713008,0.03997190428968342,0.015126494666194413,0.02007880789076745,0.025555982766590976,0.036332556849367266,0.015593776858520902,0.01668327442907579,0.02160059849304325,0.03282470023807045,0.01670554683915356,0.016998253292233065,0.021906185824644434,0.03304848040364109,0.01640366107472741,0.015294379372228228,0.02023623903219544,0.03199445645252755,0.014925678989154959,0.02093801393927822,0.02748310441996575,0.03832689609318803,0.015150286293969353,0.018157731968668246,0.023007512319375086,0.0340259146651096,0.015834171938569237,0.01639668511352773,0.021299639903726242,0.032527820269450135,0.017182034944772565,0.015494830908350712,0.020401335716039852,0.032034656552403236,0.01615975784137518,0.02237149479789951,0.03193106281967896,0.04310866566074909,0.017136425295411234,0.016248658890305263,0.021204849980087526,0.032533073166777865,0.020775318311858762,0.01253208405018958,0.016615042844647362,0.03293352115985283,0.016449148229010224,0.014031094110513571,0.018779343216356485,0.03153418338929616,0.015488773638039988,0.018104860116161837,0.02295422602650486,0.03390244310059863,0.01619814375408302,0.015150624062051003,0.020149952608366745,0.0319742642853544,0.017464718927136982,0.015591543796593119,0.020496735302595936,0.03208608038743109,0.017184534655717305,0.009698167113140648,0.013248187904366463,0.03425330914022448,0.01683050137069933,0.01602682864264962,0.02092201412613577,0.03231047026803796,0.017017002149456912,0.014289490762536427,0.019078049263944616,0.03160005692742176,0.018480971263020268,0.013173052226240115,0.01746564290122455,0.03178331895054154,0.01742868529944339,0.013898009500534204,0.018537403718057073,0.03169835344544406,0.016060236758282297,0.0179235473676183,0.022780341464899594,0.03371186009852329
21,0.017097230120968154,0.013988278813516965,0.018692598368657727,0.03163545285319212,0.017441045517262516,0.013197727996525735,0.01757115953475267,0.03168997425669431,0.01530280635121186,0.018425404051933745,0.023283453044563522,0.03431247342754195,0.01706407921306073,0.015993432836238667,0.02092444729618044,0.032339819951145696,0.014812126227331848,0.017869991498014146,0.0228092655183328,0.033990770061822724,0.016936739914860662,0.01599123918336797,0.02092961346563399,0.0323896520187427,0.017735528949520227,0.012810540604813668,0.017099607279365377,0.03166695765768328,0.01735964947163136,0.013316034136872702,0.017777510887045923,0.03163984940229984,0.016719225920216154,0.01498600641682275,0.01988099951279994,0.0318730694776935,0.01517703068248441,0.021506381517645445,0.028962355296591497,0.03970266850540309,0.01514173775180362,0.019924806038478345,0.025267267350329574,0.036048489236126656,0.015835918997807192,0.016382511845433097,0.0213030902356239,0.03259047015928005,0.01691817118319171,0.016806825510020263,0.02171407791859255,0.03291194838123576,0.016683835205380113,0.015079284485333952,0.019990303089959055,0.03184951762383867,0.014893909031231743,0.02085579634496542,0.027301771515071193,0.03818162199332408,0.015406224917935009,0.017931465187156912,0.022749084194893295,0.033778141504947894,0.01613826807757048,0.01615483595561364,0.021052494723946602,0.032348452340991776,0.017122596230254895,0.015161474423776711,0.020037710155535043,0.03183563911839418,0.016041586732509203,0.022269492455650488,0.03137549258051373,0.04257699921136446,0.017262731968424722,0.01619447525665895,0.021147385490851076,0.03250230255433878,0.020713590788485045,0.012385732018579365,0.0164471228700339,0.03288391276156964,0.016535241232339175,0.013837742773229168,0.01851289570479714,0.03148533678700266,0.015484738173204069,0.017825459428665348,0.022646109958759555,0.033628233909794136,0.016821002463645842,0.01512968935221309,0.02003424934267856,0.031849137729214626,0.017482817290801866,0.01551838041332998,0.020415331907892752,0.03203453413361128,0.015997228586872747,0.009549295728096673,0.013089426201947191,0.03393707647330841,0.016902169885469866,0.01592470624299523,0.02081460297076476,0.032237220232636185,0.01770499448822347,0.01435918177911832,0.01907998870476023,0.03153497792147177,0.01849528256923435,0.013158924108560146,0.017444355839617415,0.03175173721772551,0.01756129533614943,0.01388080363741537,0.018510121807692462,0.03167371696577655,0.016067479164688224,0.017666168684800494,0.02248460110263163,0.03346885022322518
22,0.017905284396349454,0.013947247021052777,0.018539263384596365,0.03161892597693681,0.017630875581578817,0.013048094231090834,0.017368076578056144,0.03170528302106288,0.015550507451748491,0.018158288660274413,0.022996646683675664,0.03402711378637661,0.017251012995337246,0.015962008419300875,0.0208891564755834,0.032331601143029215,0.014986448021919143,0.017736753103283296,0.022659895260414897,0.03383546043720669,0.01711259281807564,0.016092673036701508,0.021036187329881304,0.03247153974248469,0.017922129982967144,0.012813657956384002,0.017094803005259555,0.03171055942625443,0.01751877147101173,0.01328498686036705,0.01772778499830812,0.0316679464420703,0.016627843675205183,0.01486574467364875,0.019755905347277454,0.031851217421351045,0.015150442353857332,0.021479858953521086,0.028884208515544896,0.039655976284146736,0.01513723137839937,0.019884290117300443,0.02520526462616741,0.03598311701341121,0.016052444226770254,0.01611041551365975,0.0210410592638819,0.03240517787068706,0.017027598716263904,0.016732160982701857,0.021631903756360853,0.03285780880466334,0.016902675707879105,0.014822664784011938,0.01970004885471672,0.03174186665308812,0.014801353034828399,0.020591134943564533,0.026711622895822056,0.03757536848453367,0.01559261782209327,0.017698675086972374,0.022508967734325737,0.03354953887385715,0.016378759559138648,0.01582155391277727,0.020720686061135273,0.032138785554711446,0.01726172963600431,0.015142023140115101,0.020010886101672967,0.03184131166669091,0.0155442153823143,0.02170286752468502,0.029473176633579894,0.04059029631590721,0.017467121594632005,0.01611200939573685,0.02105409581557136,0.03246674577569415,0.020684387488963167,0.012286129986746512,0.01632056224573866,0.03295794308716467,0.01679607166103025,0.013710880878676704,0.01832061161682285,0.03153225487316893,0.015683269248120708,0.01729893464819734,0.02212636796066908,0.033159878691675956,0.017046346634108187,0.015122823343858765,0.020009524995326607,0.0318142775345287,0.01752250513660478,0.015475145793370169,0.020366676968930787,0.0320249977302655,0.015837306635328837,0.009458744457409948,0.013025847090403187,0.03411737533964288,0.017033076875884737,0.015824294740854502,0.02071144448996238,0.03218719251139691,0.017971211443999834,0.014365713601659245,0.01907686476044876,0.03157577933833826,0.018607127264344724,0.013160858067654815,0.017439696098429706,0.031755795178804905,0.01783977370638674,0.013913685794123826,0.018484014388839856,0.03166188896535992,0.01584781453119082,0.017468113900278748,0.022272506084663125,0.033298257664676964
23,0.01824891209058591,0.013785228127601322,0.018297124579349497,0.031621234839370405,0.017728586985001314,0.012866205761889368,0.017125175222132333,0.031622863751489934,0.015839708642865404,0.017875608216291732,0.022692292807338255,0.03369006808965564,0.01740855537996582,0.01585047674322985,0.02076501399741365,0.03222562964110086,0.01525384991678293,0.017482694987512568,0.02238622136854208,0.03352206192841639,0.017298601846000287,0.015996421308968205,0.02093687053655565,0.03238323160753402,0.018646354086271407,0.012804393629219145,0.017037380375789276,0.03168086397053468,0.017822383827462998,0.013190018332735951,0.017587206888002683,0.03164734344931392,0.01640956588746515,0.014556401325235212,0.019445961613660214,0.03175232973207152,0.015126519806260216,0.021419994856987045,0.028729532508518372,0.039501627589880135,0.01515031676232505,0.01983913924919378,0.025143976902812556,0.03590198086261781,0.01643786234067428,0.015982046807753073,0.02088207616446185,0.03212637566020336,0.01723935838699036,0.016488792199269516,0.0213851088052071,0.03270019285592397,0.017100729756606675,0.014445233364639319,0.019210893332230534,0.0316132398912439,0.014678855495181806,0.02057394559163825,0.02670599360170415,0.037508837414774426,0.015980510348102328,0.017215633231818434,0.02204598956477492,0.03311229896931974,0.016523317481798284,0.01570663960865199,0.020591809039538906,0.03206948996207853,0.017393208076525033,0.015116487814203505,0.019977099522075697,0.03183923021168678,0.014976731350831845,0.021029745917527123,0.02787769865321128,0.038830064027113,0.01776751461983527,0.01594385662201037,0.020871992591079302,0.032373698183232755,0.02063337474267565,0.012124419801708647,0.016107230605705285,0.03298251202093024,0.01693856913776067,0.013640778275150466,0.01821446584493007,0.031550040362493356,0.015774374285480303,0.016874327666564364,0.0217328491211953,0.032831152577918854,0.01732457682441758,0.015046052516525995,0.019922150276818016,0.031796142217766624,0.017753460592482763,0.015099540372264688,0.019964008595277912,0.031855614459194076,0.015614007889766607,0.009345450526974898,0.012949900596368084,0.034348467241189194,0.017134893133870857,0.015672997880760205,0.020550264844590348,0.03208267470013355,0.01812056289736206,0.01433079854164571,0.019023759747196486,0.031595875224673886,0.01875200635699135,0.013157946414836948,0.01743200880302319,0.03175985340656293,0.018052084511654572,0.01394679144244193,0.018518236920546174,0.031631199530009875,0.015835584544237613,0.017400372810667142,0.022201869594614163,0.033239868993000875
24,0.018458721305202343,0.013536091031150332,0.017945026406417108,0.03146779984575004,0.017959370382091507,0.012815284666016235,0.01703648935709305,0.0315117617159317,0.016110596276889055,0.017589134473036134,0.022366149058394923,0.03327957336809939,0.017461379797334253,0.015710707822848037,0.020592291550513425,0.03198864233417182,0.015301086972105577,0.017091019458190793,0.021965499553491363,0.03302567946497978,0.017252619426903374,0.01582313190082178,0.02072217543818312,0.032085238823345005,0.018781452195310598,0.01272381408265837,0.016919836805402856,0.03146312570246054,0.017597085258205403,0.013040053922164688,0.017387311239153436,0.03138406906442069,0.016445424890878448,0.014256198886341297,0.01902809830667642,0.03144465877912167,0.014879000951416624,0.020968701511156033,0.02769018525179049,0.03841160800313492,0.015144503137831031,0.019509135124428697,0.024690721662203693,0.03531569132675305,0.01689817807680887,0.015937259966433172,0.02082835657120472,0.03209613566752496,0.01749226729643813,0.016014027606930468,0.020881509137891132,0.03223310401993989,0.01701497993402231,0.014148434213826364,0.018872962786520932,0.03139375344026717,0.014566279267251249,0.020570577920718085,0.02674167249254033,0.037395552142233716,0.01612479714459895,0.016749900559396468,0.021565737486214296,0.03260740668200575,0.01640343730780247,0.014730874622439775,0.01960243649579527,0.03154417849757897,0.017472344257803685,0.014857714206274195,0.019691534066147872,0.031702181431091006,0.014728802999398044,0.02045555149659399,0.02652215663657151,0.03724929223257329,0.017913600770566477,0.01567009793458556,0.02056526140912892,0.03215651820358036,0.02046536801452729,0.011809285114766416,0.015676432436854654,0.03279774540392804,0.017068770289170483,0.013447049394591251,0.017943052438030287,0.031510016823250706,0.015634343818979976,0.016840083630107756,0.021691712035493076,0.03279303974982521,0.017351021128959185,0.01475965153512503,0.01958794446422675,0.031625938704496294,0.01774055005669087,0.01472893793389531,0.0195374798458186,0.03165670626900339,0.015239328251297892,0.00921569067614006,0.012844789337511073,0.034418634417413954,0.017163612532369952,0.015471664604187476,0.02031604293925952,0.031827501395630675,0.01810020268844348,0.014239635587513054,0.018902654769911126,0.031457848097127795,0.01868204849142326,0.013103001738351034,0.017364249118757624,0.03162759530649614,0.0179949375265788,0.013851014170848837,0.018391206003113614,0.03151702645637226,0.01596498436193909,0.017228544374561245,0.02201240197004367,0.033013800242691
